machine;size;tilew;tileh;threads;kernel;variant;tiling;iterations;schedule;places;label;arg;time
cezanne;512;8;8;1;ssandPile;tiled;default;100;static;cores;;none;268154
cezanne;512;8;8;1;ssandPile;lazy;default;100;static;cores;;none;273359
cezanne;512;16;16;1;ssandPile;tiled;default;100;static;cores;;none;262500
cezanne;512;16;16;1;ssandPile;lazy;default;100;static;cores;;none;262868
cezanne;512;32;32;1;ssandPile;tiled;default;100;static;cores;;none;259497
cezanne;512;32;32;1;ssandPile;lazy;default;100;static;cores;;none;260927
cezanne;512;64;64;1;ssandPile;tiled;default;100;static;cores;;none;265167
cezanne;512;64;64;1;ssandPile;lazy;default;100;static;cores;;none;275967
cezanne;512;8;8;2;ssandPile;tiled;default;100;static;cores;;none;266491
cezanne;512;8;8;2;ssandPile;lazy;default;100;static;cores;;none;274225
cezanne;512;16;16;2;ssandPile;tiled;default;100;static;cores;;none;264563
cezanne;512;16;16;2;ssandPile;lazy;default;100;static;cores;;none;264974
cezanne;512;32;32;2;ssandPile;tiled;default;100;static;cores;;none;260186
cezanne;512;32;32;2;ssandPile;lazy;default;100;static;cores;;none;259768
cezanne;512;64;64;2;ssandPile;tiled;default;100;static;cores;;none;265580
cezanne;512;64;64;2;ssandPile;lazy;default;100;static;cores;;none;268137
cezanne;512;8;8;6;ssandPile;tiled;default;100;static;cores;;none;267545
cezanne;512;8;8;6;ssandPile;lazy;default;100;static;cores;;none;274086
cezanne;512;16;16;6;ssandPile;tiled;default;100;static;cores;;none;265661
cezanne;512;16;16;6;ssandPile;lazy;default;100;static;cores;;none;264266
cezanne;512;32;32;6;ssandPile;tiled;default;100;static;cores;;none;260610
cezanne;512;32;32;6;ssandPile;lazy;default;100;static;cores;;none;260341
cezanne;512;64;64;6;ssandPile;tiled;default;100;static;cores;;none;268739
cezanne;512;64;64;6;ssandPile;lazy;default;100;static;cores;;none;265212
cezanne;512;8;8;10;ssandPile;tiled;default;100;static;cores;;none;266649
cezanne;512;8;8;10;ssandPile;lazy;default;100;static;cores;;none;272496
cezanne;512;16;16;10;ssandPile;tiled;default;100;static;cores;;none;265218
cezanne;512;16;16;10;ssandPile;lazy;default;100;static;cores;;none;264447
cezanne;512;32;32;10;ssandPile;tiled;default;100;static;cores;;none;260183
cezanne;512;32;32;10;ssandPile;lazy;default;100;static;cores;;none;260421
cezanne;512;64;64;10;ssandPile;tiled;default;100;static;cores;;none;266826
cezanne;512;64;64;10;ssandPile;lazy;default;100;static;cores;;none;268340
cezanne;512;8;8;14;ssandPile;tiled;default;100;static;cores;;none;268403
cezanne;512;8;8;14;ssandPile;lazy;default;100;static;cores;;none;272622
cezanne;512;16;16;14;ssandPile;tiled;default;100;static;cores;;none;262345
cezanne;512;16;16;14;ssandPile;lazy;default;100;static;cores;;none;263318
cezanne;512;32;32;14;ssandPile;tiled;default;100;static;cores;;none;260465
cezanne;512;32;32;14;ssandPile;lazy;default;100;static;cores;;none;260332
cezanne;512;64;64;14;ssandPile;tiled;default;100;static;cores;;none;284776
cezanne;512;64;64;14;ssandPile;lazy;default;100;static;cores;;none;264470
cezanne;512;8;8;18;ssandPile;tiled;default;100;static;cores;;none;268222
cezanne;512;8;8;18;ssandPile;lazy;default;100;static;cores;;none;280066
cezanne;512;16;16;18;ssandPile;tiled;default;100;static;cores;;none;263931
cezanne;512;16;16;18;ssandPile;lazy;default;100;static;cores;;none;264498
cezanne;512;32;32;18;ssandPile;tiled;default;100;static;cores;;none;262943
cezanne;512;32;32;18;ssandPile;lazy;default;100;static;cores;;none;268971
cezanne;512;64;64;18;ssandPile;tiled;default;100;static;cores;;none;267733
cezanne;512;64;64;18;ssandPile;lazy;default;100;static;cores;;none;265012
cezanne;512;8;8;22;ssandPile;tiled;default;100;static;cores;;none;267515
cezanne;512;8;8;22;ssandPile;lazy;default;100;static;cores;;none;273732
cezanne;512;16;16;22;ssandPile;tiled;default;100;static;cores;;none;265725
cezanne;512;16;16;22;ssandPile;lazy;default;100;static;cores;;none;263160
cezanne;512;32;32;22;ssandPile;tiled;default;100;static;cores;;none;262838
cezanne;512;32;32;22;ssandPile;lazy;default;100;static;cores;;none;263225
cezanne;512;64;64;22;ssandPile;tiled;default;100;static;cores;;none;265508
cezanne;512;64;64;22;ssandPile;lazy;default;100;static;cores;;none;268631
cezanne;512;8;8;26;ssandPile;tiled;default;100;static;cores;;none;273738
cezanne;512;8;8;26;ssandPile;lazy;default;100;static;cores;;none;273381
cezanne;512;16;16;26;ssandPile;tiled;default;100;static;cores;;none;262135
cezanne;512;16;16;26;ssandPile;lazy;default;100;static;cores;;none;266574
cezanne;512;32;32;26;ssandPile;tiled;default;100;static;cores;;none;259739
cezanne;512;32;32;26;ssandPile;lazy;default;100;static;cores;;none;259910
cezanne;512;64;64;26;ssandPile;tiled;default;100;static;cores;;none;264546
cezanne;512;64;64;26;ssandPile;lazy;default;100;static;cores;;none;265063
cezanne;512;8;8;30;ssandPile;tiled;default;100;static;cores;;none;269471
cezanne;512;8;8;30;ssandPile;lazy;default;100;static;cores;;none;272088
cezanne;512;16;16;30;ssandPile;tiled;default;100;static;cores;;none;274925
cezanne;512;16;16;30;ssandPile;lazy;default;100;static;cores;;none;264495
cezanne;512;32;32;30;ssandPile;tiled;default;100;static;cores;;none;260988
cezanne;512;32;32;30;ssandPile;lazy;default;100;static;cores;;none;260414
cezanne;512;64;64;30;ssandPile;tiled;default;100;static;cores;;none;273969
cezanne;512;64;64;30;ssandPile;lazy;default;100;static;cores;;none;264542
cezanne;512;8;8;34;ssandPile;tiled;default;100;static;cores;;none;269771
cezanne;512;8;8;34;ssandPile;lazy;default;100;static;cores;;none;271669
cezanne;512;16;16;34;ssandPile;tiled;default;100;static;cores;;none;262447
cezanne;512;16;16;34;ssandPile;lazy;default;100;static;cores;;none;263106
cezanne;512;32;32;34;ssandPile;tiled;default;100;static;cores;;none;260958
cezanne;512;32;32;34;ssandPile;lazy;default;100;static;cores;;none;259746
cezanne;512;64;64;34;ssandPile;tiled;default;100;static;cores;;none;267725
cezanne;512;64;64;34;ssandPile;lazy;default;100;static;cores;;none;264347
cezanne;512;8;8;38;ssandPile;tiled;default;100;static;cores;;none;269368
cezanne;512;8;8;38;ssandPile;lazy;default;100;static;cores;;none;271674
cezanne;512;16;16;38;ssandPile;tiled;default;100;static;cores;;none;263061
cezanne;512;16;16;38;ssandPile;lazy;default;100;static;cores;;none;265951
cezanne;512;32;32;38;ssandPile;tiled;default;100;static;cores;;none;261768
cezanne;512;32;32;38;ssandPile;lazy;default;100;static;cores;;none;259953
cezanne;512;64;64;38;ssandPile;tiled;default;100;static;cores;;none;268781
cezanne;512;64;64;38;ssandPile;lazy;default;100;static;cores;;none;266779
cezanne;512;8;8;42;ssandPile;tiled;default;100;static;cores;;none;267664
cezanne;512;8;8;42;ssandPile;lazy;default;100;static;cores;;none;272696
cezanne;512;16;16;42;ssandPile;tiled;default;100;static;cores;;none;262172
cezanne;512;16;16;42;ssandPile;lazy;default;100;static;cores;;none;265542
cezanne;512;32;32;42;ssandPile;tiled;default;100;static;cores;;none;260487
cezanne;512;32;32;42;ssandPile;lazy;default;100;static;cores;;none;261233
cezanne;512;64;64;42;ssandPile;tiled;default;100;static;cores;;none;267035
cezanne;512;64;64;42;ssandPile;lazy;default;100;static;cores;;none;266811
cezanne;512;8;8;46;ssandPile;tiled;default;100;static;cores;;none;267119
cezanne;512;8;8;46;ssandPile;lazy;default;100;static;cores;;none;274306
cezanne;512;16;16;46;ssandPile;tiled;default;100;static;cores;;none;262158
cezanne;512;16;16;46;ssandPile;lazy;default;100;static;cores;;none;263909
cezanne;512;32;32;46;ssandPile;tiled;default;100;static;cores;;none;261763
cezanne;512;32;32;46;ssandPile;lazy;default;100;static;cores;;none;260581
cezanne;512;64;64;46;ssandPile;tiled;default;100;static;cores;;none;264559
cezanne;512;64;64;46;ssandPile;lazy;default;100;static;cores;;none;266612
cezanne;512;8;8;47;ssandPile;tiled;default;100;static;cores;;none;266708
cezanne;512;8;8;47;ssandPile;lazy;default;100;static;cores;;none;273081
cezanne;512;16;16;47;ssandPile;tiled;default;100;static;cores;;none;262281
cezanne;512;16;16;47;ssandPile;lazy;default;100;static;cores;;none;263430
cezanne;512;32;32;47;ssandPile;tiled;default;100;static;cores;;none;259829
cezanne;512;32;32;47;ssandPile;lazy;default;100;static;cores;;none;260433
cezanne;512;64;64;47;ssandPile;tiled;default;100;static;cores;;none;265973
cezanne;512;64;64;47;ssandPile;lazy;default;100;static;cores;;none;277881
cezanne;512;8;8;48;ssandPile;tiled;default;100;static;cores;;none;267257
cezanne;512;8;8;48;ssandPile;lazy;default;100;static;cores;;none;274986
cezanne;512;16;16;48;ssandPile;tiled;default;100;static;cores;;none;261719
cezanne;512;16;16;48;ssandPile;lazy;default;100;static;cores;;none;262991
cezanne;512;32;32;48;ssandPile;tiled;default;100;static;cores;;none;260111
cezanne;512;32;32;48;ssandPile;lazy;default;100;static;cores;;none;260096
cezanne;512;64;64;48;ssandPile;tiled;default;100;static;cores;;none;266036
cezanne;512;64;64;48;ssandPile;lazy;default;100;static;cores;;none;266172
cezanne;512;8;8;1;ssandPile;tiled;default;100;static,1;cores;;none;267016
cezanne;512;8;8;1;ssandPile;lazy;default;100;static,1;cores;;none;272078
cezanne;512;16;16;1;ssandPile;tiled;default;100;static,1;cores;;none;265206
cezanne;512;16;16;1;ssandPile;lazy;default;100;static,1;cores;;none;265956
cezanne;512;32;32;1;ssandPile;tiled;default;100;static,1;cores;;none;261269
cezanne;512;32;32;1;ssandPile;lazy;default;100;static,1;cores;;none;260987
cezanne;512;64;64;1;ssandPile;tiled;default;100;static,1;cores;;none;266612
cezanne;512;64;64;1;ssandPile;lazy;default;100;static,1;cores;;none;273932
cezanne;512;8;8;2;ssandPile;tiled;default;100;static,1;cores;;none;266499
cezanne;512;8;8;2;ssandPile;lazy;default;100;static,1;cores;;none;273384
cezanne;512;16;16;2;ssandPile;tiled;default;100;static,1;cores;;none;262067
cezanne;512;16;16;2;ssandPile;lazy;default;100;static,1;cores;;none;265971
cezanne;512;32;32;2;ssandPile;tiled;default;100;static,1;cores;;none;259709
cezanne;512;32;32;2;ssandPile;lazy;default;100;static,1;cores;;none;260065
cezanne;512;64;64;2;ssandPile;tiled;default;100;static,1;cores;;none;270538
cezanne;512;64;64;2;ssandPile;lazy;default;100;static,1;cores;;none;268539
cezanne;512;8;8;6;ssandPile;tiled;default;100;static,1;cores;;none;266209
cezanne;512;8;8;6;ssandPile;lazy;default;100;static,1;cores;;none;274870
cezanne;512;16;16;6;ssandPile;tiled;default;100;static,1;cores;;none;262228
cezanne;512;16;16;6;ssandPile;lazy;default;100;static,1;cores;;none;264200
cezanne;512;32;32;6;ssandPile;tiled;default;100;static,1;cores;;none;262935
cezanne;512;32;32;6;ssandPile;lazy;default;100;static,1;cores;;none;261709
cezanne;512;64;64;6;ssandPile;tiled;default;100;static,1;cores;;none;265394
cezanne;512;64;64;6;ssandPile;lazy;default;100;static,1;cores;;none;268262
cezanne;512;8;8;10;ssandPile;tiled;default;100;static,1;cores;;none;266923
cezanne;512;8;8;10;ssandPile;lazy;default;100;static,1;cores;;none;273326
cezanne;512;16;16;10;ssandPile;tiled;default;100;static,1;cores;;none;261921
cezanne;512;16;16;10;ssandPile;lazy;default;100;static,1;cores;;none;263225
cezanne;512;32;32;10;ssandPile;tiled;default;100;static,1;cores;;none;260617
cezanne;512;32;32;10;ssandPile;lazy;default;100;static,1;cores;;none;260271
cezanne;512;64;64;10;ssandPile;tiled;default;100;static,1;cores;;none;265986
cezanne;512;64;64;10;ssandPile;lazy;default;100;static,1;cores;;none;267210
cezanne;512;8;8;14;ssandPile;tiled;default;100;static,1;cores;;none;269337
cezanne;512;8;8;14;ssandPile;lazy;default;100;static,1;cores;;none;271938
cezanne;512;16;16;14;ssandPile;tiled;default;100;static,1;cores;;none;264875
cezanne;512;16;16;14;ssandPile;lazy;default;100;static,1;cores;;none;263159
cezanne;512;32;32;14;ssandPile;tiled;default;100;static,1;cores;;none;259978
cezanne;512;32;32;14;ssandPile;lazy;default;100;static,1;cores;;none;259911
cezanne;512;64;64;14;ssandPile;tiled;default;100;static,1;cores;;none;271368
cezanne;512;64;64;14;ssandPile;lazy;default;100;static,1;cores;;none;265232
cezanne;512;8;8;18;ssandPile;tiled;default;100;static,1;cores;;none;267020
cezanne;512;8;8;18;ssandPile;lazy;default;100;static,1;cores;;none;274548
cezanne;512;16;16;18;ssandPile;tiled;default;100;static,1;cores;;none;265784
cezanne;512;16;16;18;ssandPile;lazy;default;100;static,1;cores;;none;266213
cezanne;512;32;32;18;ssandPile;tiled;default;100;static,1;cores;;none;260243
cezanne;512;32;32;18;ssandPile;lazy;default;100;static,1;cores;;none;259910
cezanne;512;64;64;18;ssandPile;tiled;default;100;static,1;cores;;none;267577
cezanne;512;64;64;18;ssandPile;lazy;default;100;static,1;cores;;none;267866
cezanne;512;8;8;22;ssandPile;tiled;default;100;static,1;cores;;none;268056
cezanne;512;8;8;22;ssandPile;lazy;default;100;static,1;cores;;none;274341
cezanne;512;16;16;22;ssandPile;tiled;default;100;static,1;cores;;none;265057
cezanne;512;16;16;22;ssandPile;lazy;default;100;static,1;cores;;none;264734
cezanne;512;32;32;22;ssandPile;tiled;default;100;static,1;cores;;none;268728
cezanne;512;32;32;22;ssandPile;lazy;default;100;static,1;cores;;none;260381
cezanne;512;64;64;22;ssandPile;tiled;default;100;static,1;cores;;none;272800
cezanne;512;64;64;22;ssandPile;lazy;default;100;static,1;cores;;none;264882
cezanne;512;8;8;26;ssandPile;tiled;default;100;static,1;cores;;none;266385
cezanne;512;8;8;26;ssandPile;lazy;default;100;static,1;cores;;none;271913
cezanne;512;16;16;26;ssandPile;tiled;default;100;static,1;cores;;none;261901
cezanne;512;16;16;26;ssandPile;lazy;default;100;static,1;cores;;none;263407
cezanne;512;32;32;26;ssandPile;tiled;default;100;static,1;cores;;none;260396
cezanne;512;32;32;26;ssandPile;lazy;default;100;static,1;cores;;none;263205
cezanne;512;64;64;26;ssandPile;tiled;default;100;static,1;cores;;none;265699
cezanne;512;64;64;26;ssandPile;lazy;default;100;static,1;cores;;none;267355
cezanne;512;8;8;30;ssandPile;tiled;default;100;static,1;cores;;none;267908
cezanne;512;8;8;30;ssandPile;lazy;default;100;static,1;cores;;none;274679
cezanne;512;16;16;30;ssandPile;tiled;default;100;static,1;cores;;none;262741
cezanne;512;16;16;30;ssandPile;lazy;default;100;static,1;cores;;none;263285
cezanne;512;32;32;30;ssandPile;tiled;default;100;static,1;cores;;none;271682
cezanne;512;32;32;30;ssandPile;lazy;default;100;static,1;cores;;none;262029
cezanne;512;64;64;30;ssandPile;tiled;default;100;static,1;cores;;none;265560
cezanne;512;64;64;30;ssandPile;lazy;default;100;static,1;cores;;none;266255
cezanne;512;8;8;34;ssandPile;tiled;default;100;static,1;cores;;none;268489
cezanne;512;8;8;34;ssandPile;lazy;default;100;static,1;cores;;none;274667
cezanne;512;16;16;34;ssandPile;tiled;default;100;static,1;cores;;none;264539
cezanne;512;16;16;34;ssandPile;lazy;default;100;static,1;cores;;none;265788
cezanne;512;32;32;34;ssandPile;tiled;default;100;static,1;cores;;none;260158
cezanne;512;32;32;34;ssandPile;lazy;default;100;static,1;cores;;none;262616
cezanne;512;64;64;34;ssandPile;tiled;default;100;static,1;cores;;none;268981
cezanne;512;64;64;34;ssandPile;lazy;default;100;static,1;cores;;none;264444
cezanne;512;8;8;38;ssandPile;tiled;default;100;static,1;cores;;none;269511
cezanne;512;8;8;38;ssandPile;lazy;default;100;static,1;cores;;none;275236
cezanne;512;16;16;38;ssandPile;tiled;default;100;static,1;cores;;none;265383
cezanne;512;16;16;38;ssandPile;lazy;default;100;static,1;cores;;none;266133
cezanne;512;32;32;38;ssandPile;tiled;default;100;static,1;cores;;none;264633
cezanne;512;32;32;38;ssandPile;lazy;default;100;static,1;cores;;none;260220
cezanne;512;64;64;38;ssandPile;tiled;default;100;static,1;cores;;none;265570
cezanne;512;64;64;38;ssandPile;lazy;default;100;static,1;cores;;none;265468
cezanne;512;8;8;42;ssandPile;tiled;default;100;static,1;cores;;none;271370
cezanne;512;8;8;42;ssandPile;lazy;default;100;static,1;cores;;none;271672
cezanne;512;16;16;42;ssandPile;tiled;default;100;static,1;cores;;none;265153
cezanne;512;16;16;42;ssandPile;lazy;default;100;static,1;cores;;none;274463
cezanne;512;32;32;42;ssandPile;tiled;default;100;static,1;cores;;none;263374
cezanne;512;32;32;42;ssandPile;lazy;default;100;static,1;cores;;none;262745
cezanne;512;64;64;42;ssandPile;tiled;default;100;static,1;cores;;none;264890
cezanne;512;64;64;42;ssandPile;lazy;default;100;static,1;cores;;none;266000
cezanne;512;8;8;46;ssandPile;tiled;default;100;static,1;cores;;none;266935
cezanne;512;8;8;46;ssandPile;lazy;default;100;static,1;cores;;none;271502
cezanne;512;16;16;46;ssandPile;tiled;default;100;static,1;cores;;none;261597
cezanne;512;16;16;46;ssandPile;lazy;default;100;static,1;cores;;none;263460
cezanne;512;32;32;46;ssandPile;tiled;default;100;static,1;cores;;none;261631
cezanne;512;32;32;46;ssandPile;lazy;default;100;static,1;cores;;none;260733
cezanne;512;64;64;46;ssandPile;tiled;default;100;static,1;cores;;none;279033
cezanne;512;64;64;46;ssandPile;lazy;default;100;static,1;cores;;none;273372
cezanne;512;8;8;47;ssandPile;tiled;default;100;static,1;cores;;none;266275
cezanne;512;8;8;47;ssandPile;lazy;default;100;static,1;cores;;none;274820
cezanne;512;16;16;47;ssandPile;tiled;default;100;static,1;cores;;none;262788
cezanne;512;16;16;47;ssandPile;lazy;default;100;static,1;cores;;none;267518
cezanne;512;32;32;47;ssandPile;tiled;default;100;static,1;cores;;none;262450
cezanne;512;32;32;47;ssandPile;lazy;default;100;static,1;cores;;none;260902
cezanne;512;64;64;47;ssandPile;tiled;default;100;static,1;cores;;none;268436
cezanne;512;64;64;47;ssandPile;lazy;default;100;static,1;cores;;none;265866
cezanne;512;8;8;48;ssandPile;tiled;default;100;static,1;cores;;none;274799
cezanne;512;8;8;48;ssandPile;lazy;default;100;static,1;cores;;none;274683
cezanne;512;16;16;48;ssandPile;tiled;default;100;static,1;cores;;none;263661
cezanne;512;16;16;48;ssandPile;lazy;default;100;static,1;cores;;none;266154
cezanne;512;32;32;48;ssandPile;tiled;default;100;static,1;cores;;none;261677
cezanne;512;32;32;48;ssandPile;lazy;default;100;static,1;cores;;none;260347
cezanne;512;64;64;48;ssandPile;tiled;default;100;static,1;cores;;none;267511
cezanne;512;64;64;48;ssandPile;lazy;default;100;static,1;cores;;none;264842
cezanne;512;8;8;1;ssandPile;tiled;default;100;dynamic;cores;;none;267026
cezanne;512;8;8;1;ssandPile;lazy;default;100;dynamic;cores;;none;273176
cezanne;512;16;16;1;ssandPile;tiled;default;100;dynamic;cores;;none;262591
cezanne;512;16;16;1;ssandPile;lazy;default;100;dynamic;cores;;none;263881
cezanne;512;32;32;1;ssandPile;tiled;default;100;dynamic;cores;;none;262431
cezanne;512;32;32;1;ssandPile;lazy;default;100;dynamic;cores;;none;263575
cezanne;512;64;64;1;ssandPile;tiled;default;100;dynamic;cores;;none;266204
cezanne;512;64;64;1;ssandPile;lazy;default;100;dynamic;cores;;none;264300
cezanne;512;8;8;2;ssandPile;tiled;default;100;dynamic;cores;;none;268021
cezanne;512;8;8;2;ssandPile;lazy;default;100;dynamic;cores;;none;272047
cezanne;512;16;16;2;ssandPile;tiled;default;100;dynamic;cores;;none;261916
cezanne;512;16;16;2;ssandPile;lazy;default;100;dynamic;cores;;none;274142
cezanne;512;32;32;2;ssandPile;tiled;default;100;dynamic;cores;;none;262775
cezanne;512;32;32;2;ssandPile;lazy;default;100;dynamic;cores;;none;265018
cezanne;512;64;64;2;ssandPile;tiled;default;100;dynamic;cores;;none;267992
cezanne;512;64;64;2;ssandPile;lazy;default;100;dynamic;cores;;none;265498
cezanne;512;8;8;6;ssandPile;tiled;default;100;dynamic;cores;;none;270090
cezanne;512;8;8;6;ssandPile;lazy;default;100;dynamic;cores;;none;272059
cezanne;512;16;16;6;ssandPile;tiled;default;100;dynamic;cores;;none;271338
cezanne;512;16;16;6;ssandPile;lazy;default;100;dynamic;cores;;none;265933
cezanne;512;32;32;6;ssandPile;tiled;default;100;dynamic;cores;;none;261041
cezanne;512;32;32;6;ssandPile;lazy;default;100;dynamic;cores;;none;263378
cezanne;512;64;64;6;ssandPile;tiled;default;100;dynamic;cores;;none;268398
cezanne;512;64;64;6;ssandPile;lazy;default;100;dynamic;cores;;none;264224
cezanne;512;8;8;10;ssandPile;tiled;default;100;dynamic;cores;;none;266773
cezanne;512;8;8;10;ssandPile;lazy;default;100;dynamic;cores;;none;278961
cezanne;512;16;16;10;ssandPile;tiled;default;100;dynamic;cores;;none;263603
cezanne;512;16;16;10;ssandPile;lazy;default;100;dynamic;cores;;none;264209
cezanne;512;32;32;10;ssandPile;tiled;default;100;dynamic;cores;;none;260642
cezanne;512;32;32;10;ssandPile;lazy;default;100;dynamic;cores;;none;260198
cezanne;512;64;64;10;ssandPile;tiled;default;100;dynamic;cores;;none;266761
cezanne;512;64;64;10;ssandPile;lazy;default;100;dynamic;cores;;none;266812
cezanne;512;8;8;14;ssandPile;tiled;default;100;dynamic;cores;;none;277261
cezanne;512;8;8;14;ssandPile;lazy;default;100;dynamic;cores;;none;272070
cezanne;512;16;16;14;ssandPile;tiled;default;100;dynamic;cores;;none;263048
cezanne;512;16;16;14;ssandPile;lazy;default;100;dynamic;cores;;none;265959
cezanne;512;32;32;14;ssandPile;tiled;default;100;dynamic;cores;;none;262642
cezanne;512;32;32;14;ssandPile;lazy;default;100;dynamic;cores;;none;262357
cezanne;512;64;64;14;ssandPile;tiled;default;100;dynamic;cores;;none;268229
cezanne;512;64;64;14;ssandPile;lazy;default;100;dynamic;cores;;none;265011
cezanne;512;8;8;18;ssandPile;tiled;default;100;dynamic;cores;;none;267935
cezanne;512;8;8;18;ssandPile;lazy;default;100;dynamic;cores;;none;282893
cezanne;512;16;16;18;ssandPile;tiled;default;100;dynamic;cores;;none;265461
cezanne;512;16;16;18;ssandPile;lazy;default;100;dynamic;cores;;none;263030
cezanne;512;32;32;18;ssandPile;tiled;default;100;dynamic;cores;;none;263010
cezanne;512;32;32;18;ssandPile;lazy;default;100;dynamic;cores;;none;260581
cezanne;512;64;64;18;ssandPile;tiled;default;100;dynamic;cores;;none;263985
cezanne;512;64;64;18;ssandPile;lazy;default;100;dynamic;cores;;none;264457
cezanne;512;8;8;22;ssandPile;tiled;default;100;dynamic;cores;;none;267612
cezanne;512;8;8;22;ssandPile;lazy;default;100;dynamic;cores;;none;274025
cezanne;512;16;16;22;ssandPile;tiled;default;100;dynamic;cores;;none;262239
cezanne;512;16;16;22;ssandPile;lazy;default;100;dynamic;cores;;none;264123
cezanne;512;32;32;22;ssandPile;tiled;default;100;dynamic;cores;;none;268765
cezanne;512;32;32;22;ssandPile;lazy;default;100;dynamic;cores;;none;262891
cezanne;512;64;64;22;ssandPile;tiled;default;100;dynamic;cores;;none;265844
cezanne;512;64;64;22;ssandPile;lazy;default;100;dynamic;cores;;none;268232
cezanne;512;8;8;26;ssandPile;tiled;default;100;dynamic;cores;;none;267722
cezanne;512;8;8;26;ssandPile;lazy;default;100;dynamic;cores;;none;276164
cezanne;512;16;16;26;ssandPile;tiled;default;100;dynamic;cores;;none;263134
cezanne;512;16;16;26;ssandPile;lazy;default;100;dynamic;cores;;none;263276
cezanne;512;32;32;26;ssandPile;tiled;default;100;dynamic;cores;;none;259848
cezanne;512;32;32;26;ssandPile;lazy;default;100;dynamic;cores;;none;262171
cezanne;512;64;64;26;ssandPile;tiled;default;100;dynamic;cores;;none;268095
cezanne;512;64;64;26;ssandPile;lazy;default;100;dynamic;cores;;none;265884
cezanne;512;8;8;30;ssandPile;tiled;default;100;dynamic;cores;;none;266082
cezanne;512;8;8;30;ssandPile;lazy;default;100;dynamic;cores;;none;271912
cezanne;512;16;16;30;ssandPile;tiled;default;100;dynamic;cores;;none;264832
cezanne;512;16;16;30;ssandPile;lazy;default;100;dynamic;cores;;none;263462
cezanne;512;32;32;30;ssandPile;tiled;default;100;dynamic;cores;;none;263191
cezanne;512;32;32;30;ssandPile;lazy;default;100;dynamic;cores;;none;262450
cezanne;512;64;64;30;ssandPile;tiled;default;100;dynamic;cores;;none;266062
cezanne;512;64;64;30;ssandPile;lazy;default;100;dynamic;cores;;none;265384
cezanne;512;8;8;34;ssandPile;tiled;default;100;dynamic;cores;;none;269594
cezanne;512;8;8;34;ssandPile;lazy;default;100;dynamic;cores;;none;272034
cezanne;512;16;16;34;ssandPile;tiled;default;100;dynamic;cores;;none;265249
cezanne;512;16;16;34;ssandPile;lazy;default;100;dynamic;cores;;none;263741
cezanne;512;32;32;34;ssandPile;tiled;default;100;dynamic;cores;;none;261935
cezanne;512;32;32;34;ssandPile;lazy;default;100;dynamic;cores;;none;262690
cezanne;512;64;64;34;ssandPile;tiled;default;100;dynamic;cores;;none;264750
cezanne;512;64;64;34;ssandPile;lazy;default;100;dynamic;cores;;none;264635
cezanne;512;8;8;38;ssandPile;tiled;default;100;dynamic;cores;;none;269223
cezanne;512;8;8;38;ssandPile;lazy;default;100;dynamic;cores;;none;272108
cezanne;512;16;16;38;ssandPile;tiled;default;100;dynamic;cores;;none;264837
cezanne;512;16;16;38;ssandPile;lazy;default;100;dynamic;cores;;none;263098
cezanne;512;32;32;38;ssandPile;tiled;default;100;dynamic;cores;;none;263070
cezanne;512;32;32;38;ssandPile;lazy;default;100;dynamic;cores;;none;263378
cezanne;512;64;64;38;ssandPile;tiled;default;100;dynamic;cores;;none;268198
cezanne;512;64;64;38;ssandPile;lazy;default;100;dynamic;cores;;none;266618
cezanne;512;8;8;42;ssandPile;tiled;default;100;dynamic;cores;;none;276014
cezanne;512;8;8;42;ssandPile;lazy;default;100;dynamic;cores;;none;274246
cezanne;512;16;16;42;ssandPile;tiled;default;100;dynamic;cores;;none;265137
cezanne;512;16;16;42;ssandPile;lazy;default;100;dynamic;cores;;none;266234
cezanne;512;32;32;42;ssandPile;tiled;default;100;dynamic;cores;;none;260363
cezanne;512;32;32;42;ssandPile;lazy;default;100;dynamic;cores;;none;262677
cezanne;512;64;64;42;ssandPile;tiled;default;100;dynamic;cores;;none;265449
cezanne;512;64;64;42;ssandPile;lazy;default;100;dynamic;cores;;none;267530
cezanne;512;8;8;46;ssandPile;tiled;default;100;dynamic;cores;;none;266765
cezanne;512;8;8;46;ssandPile;lazy;default;100;dynamic;cores;;none;273397
cezanne;512;16;16;46;ssandPile;tiled;default;100;dynamic;cores;;none;261724
cezanne;512;16;16;46;ssandPile;lazy;default;100;dynamic;cores;;none;264387
cezanne;512;32;32;46;ssandPile;tiled;default;100;dynamic;cores;;none;260354
cezanne;512;32;32;46;ssandPile;lazy;default;100;dynamic;cores;;none;260037
cezanne;512;64;64;46;ssandPile;tiled;default;100;dynamic;cores;;none;264853
cezanne;512;64;64;46;ssandPile;lazy;default;100;dynamic;cores;;none;264174
cezanne;512;8;8;47;ssandPile;tiled;default;100;dynamic;cores;;none;268726
cezanne;512;8;8;47;ssandPile;lazy;default;100;dynamic;cores;;none;280254
cezanne;512;16;16;47;ssandPile;tiled;default;100;dynamic;cores;;none;262316
cezanne;512;16;16;47;ssandPile;lazy;default;100;dynamic;cores;;none;262721
cezanne;512;32;32;47;ssandPile;tiled;default;100;dynamic;cores;;none;260431
cezanne;512;32;32;47;ssandPile;lazy;default;100;dynamic;cores;;none;262367
cezanne;512;64;64;47;ssandPile;tiled;default;100;dynamic;cores;;none;267795
cezanne;512;64;64;47;ssandPile;lazy;default;100;dynamic;cores;;none;271341
cezanne;512;8;8;48;ssandPile;tiled;default;100;dynamic;cores;;none;273325
cezanne;512;8;8;48;ssandPile;lazy;default;100;dynamic;cores;;none;271829
cezanne;512;16;16;48;ssandPile;tiled;default;100;dynamic;cores;;none;262314
cezanne;512;16;16;48;ssandPile;lazy;default;100;dynamic;cores;;none;264444
cezanne;512;32;32;48;ssandPile;tiled;default;100;dynamic;cores;;none;259903
cezanne;512;32;32;48;ssandPile;lazy;default;100;dynamic;cores;;none;268479
cezanne;512;64;64;48;ssandPile;tiled;default;100;dynamic;cores;;none;266590
cezanne;512;64;64;48;ssandPile;lazy;default;100;dynamic;cores;;none;265158
cezanne;512;8;8;1;ssandPile;tiled;default;100;static;cores;;none;266973
cezanne;512;8;8;1;ssandPile;lazy;default;100;static;cores;;none;271690
cezanne;512;16;16;1;ssandPile;tiled;default;100;static;cores;;none;261869
cezanne;512;16;16;1;ssandPile;lazy;default;100;static;cores;;none;264613
cezanne;512;32;32;1;ssandPile;tiled;default;100;static;cores;;none;261994
cezanne;512;32;32;1;ssandPile;lazy;default;100;static;cores;;none;262924
cezanne;512;64;64;1;ssandPile;tiled;default;100;static;cores;;none;266088
cezanne;512;64;64;1;ssandPile;lazy;default;100;static;cores;;none;266810
cezanne;512;8;8;2;ssandPile;tiled;default;100;static;cores;;none;267050
cezanne;512;8;8;2;ssandPile;lazy;default;100;static;cores;;none;272121
cezanne;512;16;16;2;ssandPile;tiled;default;100;static;cores;;none;265996
cezanne;512;16;16;2;ssandPile;lazy;default;100;static;cores;;none;264344
cezanne;512;32;32;2;ssandPile;tiled;default;100;static;cores;;none;262501
cezanne;512;32;32;2;ssandPile;lazy;default;100;static;cores;;none;260388
cezanne;512;64;64;2;ssandPile;tiled;default;100;static;cores;;none;267141
cezanne;512;64;64;2;ssandPile;lazy;default;100;static;cores;;none;265587
cezanne;512;8;8;6;ssandPile;tiled;default;100;static;cores;;none;269632
cezanne;512;8;8;6;ssandPile;lazy;default;100;static;cores;;none;272513
cezanne;512;16;16;6;ssandPile;tiled;default;100;static;cores;;none;262701
cezanne;512;16;16;6;ssandPile;lazy;default;100;static;cores;;none;262870
cezanne;512;32;32;6;ssandPile;tiled;default;100;static;cores;;none;260212
cezanne;512;32;32;6;ssandPile;lazy;default;100;static;cores;;none;260483
cezanne;512;64;64;6;ssandPile;tiled;default;100;static;cores;;none;266028
cezanne;512;64;64;6;ssandPile;lazy;default;100;static;cores;;none;264856
cezanne;512;8;8;10;ssandPile;tiled;default;100;static;cores;;none;268289
cezanne;512;8;8;10;ssandPile;lazy;default;100;static;cores;;none;272554
cezanne;512;16;16;10;ssandPile;tiled;default;100;static;cores;;none;262871
cezanne;512;16;16;10;ssandPile;lazy;default;100;static;cores;;none;263473
cezanne;512;32;32;10;ssandPile;tiled;default;100;static;cores;;none;272881
cezanne;512;32;32;10;ssandPile;lazy;default;100;static;cores;;none;260061
cezanne;512;64;64;10;ssandPile;tiled;default;100;static;cores;;none;269966
cezanne;512;64;64;10;ssandPile;lazy;default;100;static;cores;;none;265284
cezanne;512;8;8;14;ssandPile;tiled;default;100;static;cores;;none;269697
cezanne;512;8;8;14;ssandPile;lazy;default;100;static;cores;;none;271493
cezanne;512;16;16;14;ssandPile;tiled;default;100;static;cores;;none;265347
cezanne;512;16;16;14;ssandPile;lazy;default;100;static;cores;;none;266487
cezanne;512;32;32;14;ssandPile;tiled;default;100;static;cores;;none;260298
cezanne;512;32;32;14;ssandPile;lazy;default;100;static;cores;;none;262108
cezanne;512;64;64;14;ssandPile;tiled;default;100;static;cores;;none;264408
cezanne;512;64;64;14;ssandPile;lazy;default;100;static;cores;;none;266386
cezanne;512;8;8;18;ssandPile;tiled;default;100;static;cores;;none;270173
cezanne;512;8;8;18;ssandPile;lazy;default;100;static;cores;;none;274937
cezanne;512;16;16;18;ssandPile;tiled;default;100;static;cores;;none;265009
cezanne;512;16;16;18;ssandPile;lazy;default;100;static;cores;;none;262875
cezanne;512;32;32;18;ssandPile;tiled;default;100;static;cores;;none;263351
cezanne;512;32;32;18;ssandPile;lazy;default;100;static;cores;;none;259454
cezanne;512;64;64;18;ssandPile;tiled;default;100;static;cores;;none;268013
cezanne;512;64;64;18;ssandPile;lazy;default;100;static;cores;;none;265071
cezanne;512;8;8;22;ssandPile;tiled;default;100;static;cores;;none;270323
cezanne;512;8;8;22;ssandPile;lazy;default;100;static;cores;;none;278874
cezanne;512;16;16;22;ssandPile;tiled;default;100;static;cores;;none;265653
cezanne;512;16;16;22;ssandPile;lazy;default;100;static;cores;;none;265084
cezanne;512;32;32;22;ssandPile;tiled;default;100;static;cores;;none;260953
cezanne;512;32;32;22;ssandPile;lazy;default;100;static;cores;;none;260286
cezanne;512;64;64;22;ssandPile;tiled;default;100;static;cores;;none;266275
cezanne;512;64;64;22;ssandPile;lazy;default;100;static;cores;;none;264507
cezanne;512;8;8;26;ssandPile;tiled;default;100;static;cores;;none;268004
cezanne;512;8;8;26;ssandPile;lazy;default;100;static;cores;;none;272176
cezanne;512;16;16;26;ssandPile;tiled;default;100;static;cores;;none;263107
cezanne;512;16;16;26;ssandPile;lazy;default;100;static;cores;;none;264692
cezanne;512;32;32;26;ssandPile;tiled;default;100;static;cores;;none;259787
cezanne;512;32;32;26;ssandPile;lazy;default;100;static;cores;;none;260887
cezanne;512;64;64;26;ssandPile;tiled;default;100;static;cores;;none;263674
cezanne;512;64;64;26;ssandPile;lazy;default;100;static;cores;;none;267615
cezanne;512;8;8;30;ssandPile;tiled;default;100;static;cores;;none;265914
cezanne;512;8;8;30;ssandPile;lazy;default;100;static;cores;;none;275793
cezanne;512;16;16;30;ssandPile;tiled;default;100;static;cores;;none;262184
cezanne;512;16;16;30;ssandPile;lazy;default;100;static;cores;;none;264499
cezanne;512;32;32;30;ssandPile;tiled;default;100;static;cores;;none;259978
cezanne;512;32;32;30;ssandPile;lazy;default;100;static;cores;;none;260594
cezanne;512;64;64;30;ssandPile;tiled;default;100;static;cores;;none;265323
cezanne;512;64;64;30;ssandPile;lazy;default;100;static;cores;;none;266779
cezanne;512;8;8;34;ssandPile;tiled;default;100;static;cores;;none;265896
cezanne;512;8;8;34;ssandPile;lazy;default;100;static;cores;;none;271958
cezanne;512;16;16;34;ssandPile;tiled;default;100;static;cores;;none;262826
cezanne;512;16;16;34;ssandPile;lazy;default;100;static;cores;;none;262709
cezanne;512;32;32;34;ssandPile;tiled;default;100;static;cores;;none;262675
cezanne;512;32;32;34;ssandPile;lazy;default;100;static;cores;;none;264016
cezanne;512;64;64;34;ssandPile;tiled;default;100;static;cores;;none;275472
cezanne;512;64;64;34;ssandPile;lazy;default;100;static;cores;;none;266815
cezanne;512;8;8;38;ssandPile;tiled;default;100;static;cores;;none;268440
cezanne;512;8;8;38;ssandPile;lazy;default;100;static;cores;;none;272630
cezanne;512;16;16;38;ssandPile;tiled;default;100;static;cores;;none;262510
cezanne;512;16;16;38;ssandPile;lazy;default;100;static;cores;;none;263254
cezanne;512;32;32;38;ssandPile;tiled;default;100;static;cores;;none;263269
cezanne;512;32;32;38;ssandPile;lazy;default;100;static;cores;;none;260110
cezanne;512;64;64;38;ssandPile;tiled;default;100;static;cores;;none;268456
cezanne;512;64;64;38;ssandPile;lazy;default;100;static;cores;;none;266036
cezanne;512;8;8;42;ssandPile;tiled;default;100;static;cores;;none;266827
cezanne;512;8;8;42;ssandPile;lazy;default;100;static;cores;;none;273022
cezanne;512;16;16;42;ssandPile;tiled;default;100;static;cores;;none;265135
cezanne;512;16;16;42;ssandPile;lazy;default;100;static;cores;;none;263870
cezanne;512;32;32;42;ssandPile;tiled;default;100;static;cores;;none;261365
cezanne;512;32;32;42;ssandPile;lazy;default;100;static;cores;;none;261833
cezanne;512;64;64;42;ssandPile;tiled;default;100;static;cores;;none;264738
cezanne;512;64;64;42;ssandPile;lazy;default;100;static;cores;;none;266069
cezanne;512;8;8;46;ssandPile;tiled;default;100;static;cores;;none;266703
cezanne;512;8;8;46;ssandPile;lazy;default;100;static;cores;;none;272390
cezanne;512;16;16;46;ssandPile;tiled;default;100;static;cores;;none;265524
cezanne;512;16;16;46;ssandPile;lazy;default;100;static;cores;;none;266045
cezanne;512;32;32;46;ssandPile;tiled;default;100;static;cores;;none;261240
cezanne;512;32;32;46;ssandPile;lazy;default;100;static;cores;;none;260436
cezanne;512;64;64;46;ssandPile;tiled;default;100;static;cores;;none;268794
cezanne;512;64;64;46;ssandPile;lazy;default;100;static;cores;;none;268500
cezanne;512;8;8;47;ssandPile;tiled;default;100;static;cores;;none;266102
cezanne;512;8;8;47;ssandPile;lazy;default;100;static;cores;;none;272263
cezanne;512;16;16;47;ssandPile;tiled;default;100;static;cores;;none;264563
cezanne;512;16;16;47;ssandPile;lazy;default;100;static;cores;;none;272136
cezanne;512;32;32;47;ssandPile;tiled;default;100;static;cores;;none;261732
cezanne;512;32;32;47;ssandPile;lazy;default;100;static;cores;;none;271463
cezanne;512;64;64;47;ssandPile;tiled;default;100;static;cores;;none;265989
cezanne;512;64;64;47;ssandPile;lazy;default;100;static;cores;;none;264995
cezanne;512;8;8;48;ssandPile;tiled;default;100;static;cores;;none;270158
cezanne;512;8;8;48;ssandPile;lazy;default;100;static;cores;;none;272691
cezanne;512;16;16;48;ssandPile;tiled;default;100;static;cores;;none;263705
cezanne;512;16;16;48;ssandPile;lazy;default;100;static;cores;;none;262933
cezanne;512;32;32;48;ssandPile;tiled;default;100;static;cores;;none;259697
cezanne;512;32;32;48;ssandPile;lazy;default;100;static;cores;;none;266724
cezanne;512;64;64;48;ssandPile;tiled;default;100;static;cores;;none;267978
cezanne;512;64;64;48;ssandPile;lazy;default;100;static;cores;;none;276389
cezanne;512;8;8;1;ssandPile;tiled;default;100;static,1;cores;;none;269811
cezanne;512;8;8;1;ssandPile;lazy;default;100;static,1;cores;;none;271899
cezanne;512;16;16;1;ssandPile;tiled;default;100;static,1;cores;;none;261828
cezanne;512;16;16;1;ssandPile;lazy;default;100;static,1;cores;;none;264786
cezanne;512;32;32;1;ssandPile;tiled;default;100;static,1;cores;;none;262591
cezanne;512;32;32;1;ssandPile;lazy;default;100;static,1;cores;;none;262015
cezanne;512;64;64;1;ssandPile;tiled;default;100;static,1;cores;;none;268310
cezanne;512;64;64;1;ssandPile;lazy;default;100;static,1;cores;;none;264883
cezanne;512;8;8;2;ssandPile;tiled;default;100;static,1;cores;;none;269433
cezanne;512;8;8;2;ssandPile;lazy;default;100;static,1;cores;;none;272895
cezanne;512;16;16;2;ssandPile;tiled;default;100;static,1;cores;;none;261828
cezanne;512;16;16;2;ssandPile;lazy;default;100;static,1;cores;;none;263475
cezanne;512;32;32;2;ssandPile;tiled;default;100;static,1;cores;;none;260738
cezanne;512;32;32;2;ssandPile;lazy;default;100;static,1;cores;;none;260362
cezanne;512;64;64;2;ssandPile;tiled;default;100;static,1;cores;;none;265404
cezanne;512;64;64;2;ssandPile;lazy;default;100;static,1;cores;;none;264888
cezanne;512;8;8;6;ssandPile;tiled;default;100;static,1;cores;;none;276649
cezanne;512;8;8;6;ssandPile;lazy;default;100;static,1;cores;;none;272377
cezanne;512;16;16;6;ssandPile;tiled;default;100;static,1;cores;;none;262251
cezanne;512;16;16;6;ssandPile;lazy;default;100;static,1;cores;;none;263056
cezanne;512;32;32;6;ssandPile;tiled;default;100;static,1;cores;;none;262181
cezanne;512;32;32;6;ssandPile;lazy;default;100;static,1;cores;;none;262652
cezanne;512;64;64;6;ssandPile;tiled;default;100;static,1;cores;;none;265625
cezanne;512;64;64;6;ssandPile;lazy;default;100;static,1;cores;;none;268309
cezanne;512;8;8;10;ssandPile;tiled;default;100;static,1;cores;;none;267029
cezanne;512;8;8;10;ssandPile;lazy;default;100;static,1;cores;;none;272350
cezanne;512;16;16;10;ssandPile;tiled;default;100;static,1;cores;;none;264701
cezanne;512;16;16;10;ssandPile;lazy;default;100;static,1;cores;;none;264870
cezanne;512;32;32;10;ssandPile;tiled;default;100;static,1;cores;;none;263724
cezanne;512;32;32;10;ssandPile;lazy;default;100;static,1;cores;;none;260928
cezanne;512;64;64;10;ssandPile;tiled;default;100;static,1;cores;;none;268252
cezanne;512;64;64;10;ssandPile;lazy;default;100;static,1;cores;;none;266156
cezanne;512;8;8;14;ssandPile;tiled;default;100;static,1;cores;;none;271163
cezanne;512;8;8;14;ssandPile;lazy;default;100;static,1;cores;;none;272093
cezanne;512;16;16;14;ssandPile;tiled;default;100;static,1;cores;;none;261840
cezanne;512;16;16;14;ssandPile;lazy;default;100;static,1;cores;;none;264995
cezanne;512;32;32;14;ssandPile;tiled;default;100;static,1;cores;;none;260096
cezanne;512;32;32;14;ssandPile;lazy;default;100;static,1;cores;;none;261241
cezanne;512;64;64;14;ssandPile;tiled;default;100;static,1;cores;;none;266212
cezanne;512;64;64;14;ssandPile;lazy;default;100;static,1;cores;;none;267350
cezanne;512;8;8;18;ssandPile;tiled;default;100;static,1;cores;;none;268776
cezanne;512;8;8;18;ssandPile;lazy;default;100;static,1;cores;;none;271873
cezanne;512;16;16;18;ssandPile;tiled;default;100;static,1;cores;;none;262343
cezanne;512;16;16;18;ssandPile;lazy;default;100;static,1;cores;;none;265297
cezanne;512;32;32;18;ssandPile;tiled;default;100;static,1;cores;;none;261065
cezanne;512;32;32;18;ssandPile;lazy;default;100;static,1;cores;;none;261438
cezanne;512;64;64;18;ssandPile;tiled;default;100;static,1;cores;;none;267365
cezanne;512;64;64;18;ssandPile;lazy;default;100;static,1;cores;;none;264411
cezanne;512;8;8;22;ssandPile;tiled;default;100;static,1;cores;;none;278008
cezanne;512;8;8;22;ssandPile;lazy;default;100;static,1;cores;;none;271956
cezanne;512;16;16;22;ssandPile;tiled;default;100;static,1;cores;;none;265145
cezanne;512;16;16;22;ssandPile;lazy;default;100;static,1;cores;;none;265444
cezanne;512;32;32;22;ssandPile;tiled;default;100;static,1;cores;;none;259709
cezanne;512;32;32;22;ssandPile;lazy;default;100;static,1;cores;;none;260047
cezanne;512;64;64;22;ssandPile;tiled;default;100;static,1;cores;;none;267561
cezanne;512;64;64;22;ssandPile;lazy;default;100;static,1;cores;;none;264772
cezanne;512;8;8;26;ssandPile;tiled;default;100;static,1;cores;;none;269710
cezanne;512;8;8;26;ssandPile;lazy;default;100;static,1;cores;;none;274867
cezanne;512;16;16;26;ssandPile;tiled;default;100;static,1;cores;;none;264892
cezanne;512;16;16;26;ssandPile;lazy;default;100;static,1;cores;;none;263406
cezanne;512;32;32;26;ssandPile;tiled;default;100;static,1;cores;;none;263020
cezanne;512;32;32;26;ssandPile;lazy;default;100;static,1;cores;;none;261895
cezanne;512;64;64;26;ssandPile;tiled;default;100;static,1;cores;;none;267201
cezanne;512;64;64;26;ssandPile;lazy;default;100;static,1;cores;;none;262194
cezanne;512;8;8;30;ssandPile;tiled;default;100;static,1;cores;;none;266863
cezanne;512;8;8;30;ssandPile;lazy;default;100;static,1;cores;;none;275203
cezanne;512;16;16;30;ssandPile;tiled;default;100;static,1;cores;;none;264090
cezanne;512;16;16;30;ssandPile;lazy;default;100;static,1;cores;;none;263041
cezanne;512;32;32;30;ssandPile;tiled;default;100;static,1;cores;;none;260367
cezanne;512;32;32;30;ssandPile;lazy;default;100;static,1;cores;;none;260475
cezanne;512;64;64;30;ssandPile;tiled;default;100;static,1;cores;;none;265474
cezanne;512;64;64;30;ssandPile;lazy;default;100;static,1;cores;;none;271924
cezanne;512;8;8;34;ssandPile;tiled;default;100;static,1;cores;;none;269649
cezanne;512;8;8;34;ssandPile;lazy;default;100;static,1;cores;;none;271642
cezanne;512;16;16;34;ssandPile;tiled;default;100;static,1;cores;;none;267013
cezanne;512;16;16;34;ssandPile;lazy;default;100;static,1;cores;;none;263388
cezanne;512;32;32;34;ssandPile;tiled;default;100;static,1;cores;;none;263390
cezanne;512;32;32;34;ssandPile;lazy;default;100;static,1;cores;;none;261335
cezanne;512;64;64;34;ssandPile;tiled;default;100;static,1;cores;;none;268277
cezanne;512;64;64;34;ssandPile;lazy;default;100;static,1;cores;;none;266547
cezanne;512;8;8;38;ssandPile;tiled;default;100;static,1;cores;;none;267498
cezanne;512;8;8;38;ssandPile;lazy;default;100;static,1;cores;;none;272434
cezanne;512;16;16;38;ssandPile;tiled;default;100;static,1;cores;;none;261974
cezanne;512;16;16;38;ssandPile;lazy;default;100;static,1;cores;;none;263830
cezanne;512;32;32;38;ssandPile;tiled;default;100;static,1;cores;;none;260239
cezanne;512;32;32;38;ssandPile;lazy;default;100;static,1;cores;;none;263503
cezanne;512;64;64;38;ssandPile;tiled;default;100;static,1;cores;;none;268552
cezanne;512;64;64;38;ssandPile;lazy;default;100;static,1;cores;;none;265165
cezanne;512;8;8;42;ssandPile;tiled;default;100;static,1;cores;;none;266499
cezanne;512;8;8;42;ssandPile;lazy;default;100;static,1;cores;;none;272473
cezanne;512;16;16;42;ssandPile;tiled;default;100;static,1;cores;;none;262552
cezanne;512;16;16;42;ssandPile;lazy;default;100;static,1;cores;;none;263862
cezanne;512;32;32;42;ssandPile;tiled;default;100;static,1;cores;;none;260496
cezanne;512;32;32;42;ssandPile;lazy;default;100;static,1;cores;;none;261504
cezanne;512;64;64;42;ssandPile;tiled;default;100;static,1;cores;;none;268071
cezanne;512;64;64;42;ssandPile;lazy;default;100;static,1;cores;;none;266021
cezanne;512;8;8;46;ssandPile;tiled;default;100;static,1;cores;;none;268422
cezanne;512;8;8;46;ssandPile;lazy;default;100;static,1;cores;;none;271873
cezanne;512;16;16;46;ssandPile;tiled;default;100;static,1;cores;;none;265187
cezanne;512;16;16;46;ssandPile;lazy;default;100;static,1;cores;;none;263027
cezanne;512;32;32;46;ssandPile;tiled;default;100;static,1;cores;;none;260155
cezanne;512;32;32;46;ssandPile;lazy;default;100;static,1;cores;;none;260972
cezanne;512;64;64;46;ssandPile;tiled;default;100;static,1;cores;;none;266213
cezanne;512;64;64;46;ssandPile;lazy;default;100;static,1;cores;;none;266670
cezanne;512;8;8;47;ssandPile;tiled;default;100;static,1;cores;;none;266874
cezanne;512;8;8;47;ssandPile;lazy;default;100;static,1;cores;;none;275043
cezanne;512;16;16;47;ssandPile;tiled;default;100;static,1;cores;;none;262954
cezanne;512;16;16;47;ssandPile;lazy;default;100;static,1;cores;;none;264371
cezanne;512;32;32;47;ssandPile;tiled;default;100;static,1;cores;;none;260011
cezanne;512;32;32;47;ssandPile;lazy;default;100;static,1;cores;;none;260170
cezanne;512;64;64;47;ssandPile;tiled;default;100;static,1;cores;;none;265135
cezanne;512;64;64;47;ssandPile;lazy;default;100;static,1;cores;;none;266209
cezanne;512;8;8;48;ssandPile;tiled;default;100;static,1;cores;;none;269946
cezanne;512;8;8;48;ssandPile;lazy;default;100;static,1;cores;;none;275379
cezanne;512;16;16;48;ssandPile;tiled;default;100;static,1;cores;;none;265582
cezanne;512;16;16;48;ssandPile;lazy;default;100;static,1;cores;;none;263542
cezanne;512;32;32;48;ssandPile;tiled;default;100;static,1;cores;;none;262783
cezanne;512;32;32;48;ssandPile;lazy;default;100;static,1;cores;;none;263638
cezanne;512;64;64;48;ssandPile;tiled;default;100;static,1;cores;;none;267796
cezanne;512;64;64;48;ssandPile;lazy;default;100;static,1;cores;;none;265474
cezanne;512;8;8;1;ssandPile;tiled;default;100;dynamic;cores;;none;266926
cezanne;512;8;8;1;ssandPile;lazy;default;100;dynamic;cores;;none;274369
cezanne;512;16;16;1;ssandPile;tiled;default;100;dynamic;cores;;none;262308
cezanne;512;16;16;1;ssandPile;lazy;default;100;dynamic;cores;;none;265702
cezanne;512;32;32;1;ssandPile;tiled;default;100;dynamic;cores;;none;260959
cezanne;512;32;32;1;ssandPile;lazy;default;100;dynamic;cores;;none;260316
cezanne;512;64;64;1;ssandPile;tiled;default;100;dynamic;cores;;none;264547
cezanne;512;64;64;1;ssandPile;lazy;default;100;dynamic;cores;;none;265198
cezanne;512;8;8;2;ssandPile;tiled;default;100;dynamic;cores;;none;268255
cezanne;512;8;8;2;ssandPile;lazy;default;100;dynamic;cores;;none;273039
cezanne;512;16;16;2;ssandPile;tiled;default;100;dynamic;cores;;none;265285
cezanne;512;16;16;2;ssandPile;lazy;default;100;dynamic;cores;;none;263252
cezanne;512;32;32;2;ssandPile;tiled;default;100;dynamic;cores;;none;262940
cezanne;512;32;32;2;ssandPile;lazy;default;100;dynamic;cores;;none;260308
cezanne;512;64;64;2;ssandPile;tiled;default;100;dynamic;cores;;none;265398
cezanne;512;64;64;2;ssandPile;lazy;default;100;dynamic;cores;;none;268667
cezanne;512;8;8;6;ssandPile;tiled;default;100;dynamic;cores;;none;269229
cezanne;512;8;8;6;ssandPile;lazy;default;100;dynamic;cores;;none;272040
cezanne;512;16;16;6;ssandPile;tiled;default;100;dynamic;cores;;none;262939
cezanne;512;16;16;6;ssandPile;lazy;default;100;dynamic;cores;;none;265030
cezanne;512;32;32;6;ssandPile;tiled;default;100;dynamic;cores;;none;261995
cezanne;512;32;32;6;ssandPile;lazy;default;100;dynamic;cores;;none;263137
cezanne;512;64;64;6;ssandPile;tiled;default;100;dynamic;cores;;none;266248
cezanne;512;64;64;6;ssandPile;lazy;default;100;dynamic;cores;;none;265801
cezanne;512;8;8;10;ssandPile;tiled;default;100;dynamic;cores;;none;266672
cezanne;512;8;8;10;ssandPile;lazy;default;100;dynamic;cores;;none;273689
cezanne;512;16;16;10;ssandPile;tiled;default;100;dynamic;cores;;none;262486
cezanne;512;16;16;10;ssandPile;lazy;default;100;dynamic;cores;;none;263321
cezanne;512;32;32;10;ssandPile;tiled;default;100;dynamic;cores;;none;263008
cezanne;512;32;32;10;ssandPile;lazy;default;100;dynamic;cores;;none;261013
cezanne;512;64;64;10;ssandPile;tiled;default;100;dynamic;cores;;none;267692
cezanne;512;64;64;10;ssandPile;lazy;default;100;dynamic;cores;;none;265357
cezanne;512;8;8;14;ssandPile;tiled;default;100;dynamic;cores;;none;268931
cezanne;512;8;8;14;ssandPile;lazy;default;100;dynamic;cores;;none;271931
cezanne;512;16;16;14;ssandPile;tiled;default;100;dynamic;cores;;none;264454
cezanne;512;16;16;14;ssandPile;lazy;default;100;dynamic;cores;;none;264830
cezanne;512;32;32;14;ssandPile;tiled;default;100;dynamic;cores;;none;262220
cezanne;512;32;32;14;ssandPile;lazy;default;100;dynamic;cores;;none;262430
cezanne;512;64;64;14;ssandPile;tiled;default;100;dynamic;cores;;none;266003
cezanne;512;64;64;14;ssandPile;lazy;default;100;dynamic;cores;;none;266519
cezanne;512;8;8;18;ssandPile;tiled;default;100;dynamic;cores;;none;267288
cezanne;512;8;8;18;ssandPile;lazy;default;100;dynamic;cores;;none;275282
cezanne;512;16;16;18;ssandPile;tiled;default;100;dynamic;cores;;none;265785
cezanne;512;16;16;18;ssandPile;lazy;default;100;dynamic;cores;;none;263267
cezanne;512;32;32;18;ssandPile;tiled;default;100;dynamic;cores;;none;262168
cezanne;512;32;32;18;ssandPile;lazy;default;100;dynamic;cores;;none;262457
cezanne;512;64;64;18;ssandPile;tiled;default;100;dynamic;cores;;none;268809
cezanne;512;64;64;18;ssandPile;lazy;default;100;dynamic;cores;;none;265041
cezanne;512;8;8;22;ssandPile;tiled;default;100;dynamic;cores;;none;269472
cezanne;512;8;8;22;ssandPile;lazy;default;100;dynamic;cores;;none;278943
cezanne;512;16;16;22;ssandPile;tiled;default;100;dynamic;cores;;none;263079
cezanne;512;16;16;22;ssandPile;lazy;default;100;dynamic;cores;;none;266109
cezanne;512;32;32;22;ssandPile;tiled;default;100;dynamic;cores;;none;263570
cezanne;512;32;32;22;ssandPile;lazy;default;100;dynamic;cores;;none;264158
cezanne;512;64;64;22;ssandPile;tiled;default;100;dynamic;cores;;none;265878
cezanne;512;64;64;22;ssandPile;lazy;default;100;dynamic;cores;;none;264770
cezanne;512;8;8;26;ssandPile;tiled;default;100;dynamic;cores;;none;266354
cezanne;512;8;8;26;ssandPile;lazy;default;100;dynamic;cores;;none;273858
cezanne;512;16;16;26;ssandPile;tiled;default;100;dynamic;cores;;none;266876
cezanne;512;16;16;26;ssandPile;lazy;default;100;dynamic;cores;;none;265331
cezanne;512;32;32;26;ssandPile;tiled;default;100;dynamic;cores;;none;261848
cezanne;512;32;32;26;ssandPile;lazy;default;100;dynamic;cores;;none;260708
cezanne;512;64;64;26;ssandPile;tiled;default;100;dynamic;cores;;none;264045
cezanne;512;64;64;26;ssandPile;lazy;default;100;dynamic;cores;;none;265607
cezanne;512;8;8;30;ssandPile;tiled;default;100;dynamic;cores;;none;266383
cezanne;512;8;8;30;ssandPile;lazy;default;100;dynamic;cores;;none;274002
cezanne;512;16;16;30;ssandPile;tiled;default;100;dynamic;cores;;none;262469
cezanne;512;16;16;30;ssandPile;lazy;default;100;dynamic;cores;;none;265547
cezanne;512;32;32;30;ssandPile;tiled;default;100;dynamic;cores;;none;260395
cezanne;512;32;32;30;ssandPile;lazy;default;100;dynamic;cores;;none;260174
cezanne;512;64;64;30;ssandPile;tiled;default;100;dynamic;cores;;none;264586
cezanne;512;64;64;30;ssandPile;lazy;default;100;dynamic;cores;;none;270324
cezanne;512;8;8;34;ssandPile;tiled;default;100;dynamic;cores;;none;269819
cezanne;512;8;8;34;ssandPile;lazy;default;100;dynamic;cores;;none;275519
cezanne;512;16;16;34;ssandPile;tiled;default;100;dynamic;cores;;none;263665
cezanne;512;16;16;34;ssandPile;lazy;default;100;dynamic;cores;;none;266579
cezanne;512;32;32;34;ssandPile;tiled;default;100;dynamic;cores;;none;260933
cezanne;512;32;32;34;ssandPile;lazy;default;100;dynamic;cores;;none;262984
cezanne;512;64;64;34;ssandPile;tiled;default;100;dynamic;cores;;none;267807
cezanne;512;64;64;34;ssandPile;lazy;default;100;dynamic;cores;;none;265897
cezanne;512;8;8;38;ssandPile;tiled;default;100;dynamic;cores;;none;270205
cezanne;512;8;8;38;ssandPile;lazy;default;100;dynamic;cores;;none;272199
cezanne;512;16;16;38;ssandPile;tiled;default;100;dynamic;cores;;none;262163
cezanne;512;16;16;38;ssandPile;lazy;default;100;dynamic;cores;;none;266388
cezanne;512;32;32;38;ssandPile;tiled;default;100;dynamic;cores;;none;263312
cezanne;512;32;32;38;ssandPile;lazy;default;100;dynamic;cores;;none;260900
cezanne;512;64;64;38;ssandPile;tiled;default;100;dynamic;cores;;none;265342
cezanne;512;64;64;38;ssandPile;lazy;default;100;dynamic;cores;;none;267177
cezanne;512;8;8;42;ssandPile;tiled;default;100;dynamic;cores;;none;268664
cezanne;512;8;8;42;ssandPile;lazy;default;100;dynamic;cores;;none;280781
cezanne;512;16;16;42;ssandPile;tiled;default;100;dynamic;cores;;none;262700
cezanne;512;16;16;42;ssandPile;lazy;default;100;dynamic;cores;;none;262857
cezanne;512;32;32;42;ssandPile;tiled;default;100;dynamic;cores;;none;259881
cezanne;512;32;32;42;ssandPile;lazy;default;100;dynamic;cores;;none;261347
cezanne;512;64;64;42;ssandPile;tiled;default;100;dynamic;cores;;none;267844
cezanne;512;64;64;42;ssandPile;lazy;default;100;dynamic;cores;;none;276542
cezanne;512;8;8;46;ssandPile;tiled;default;100;dynamic;cores;;none;267871
cezanne;512;8;8;46;ssandPile;lazy;default;100;dynamic;cores;;none;271976
cezanne;512;16;16;46;ssandPile;tiled;default;100;dynamic;cores;;none;263047
cezanne;512;16;16;46;ssandPile;lazy;default;100;dynamic;cores;;none;263883
cezanne;512;32;32;46;ssandPile;tiled;default;100;dynamic;cores;;none;260228
cezanne;512;32;32;46;ssandPile;lazy;default;100;dynamic;cores;;none;261606
cezanne;512;64;64;46;ssandPile;tiled;default;100;dynamic;cores;;none;268059
cezanne;512;64;64;46;ssandPile;lazy;default;100;dynamic;cores;;none;265515
cezanne;512;8;8;47;ssandPile;tiled;default;100;dynamic;cores;;none;267194
cezanne;512;8;8;47;ssandPile;lazy;default;100;dynamic;cores;;none;272245
cezanne;512;16;16;47;ssandPile;tiled;default;100;dynamic;cores;;none;263175
cezanne;512;16;16;47;ssandPile;lazy;default;100;dynamic;cores;;none;263177
cezanne;512;32;32;47;ssandPile;tiled;default;100;dynamic;cores;;none;262503
cezanne;512;32;32;47;ssandPile;lazy;default;100;dynamic;cores;;none;263584
cezanne;512;64;64;47;ssandPile;tiled;default;100;dynamic;cores;;none;267752
cezanne;512;64;64;47;ssandPile;lazy;default;100;dynamic;cores;;none;265317
cezanne;512;8;8;48;ssandPile;tiled;default;100;dynamic;cores;;none;269687
cezanne;512;8;8;48;ssandPile;lazy;default;100;dynamic;cores;;none;271874
cezanne;512;16;16;48;ssandPile;tiled;default;100;dynamic;cores;;none;265029
cezanne;512;16;16;48;ssandPile;lazy;default;100;dynamic;cores;;none;264574
cezanne;512;32;32;48;ssandPile;tiled;default;100;dynamic;cores;;none;259970
cezanne;512;32;32;48;ssandPile;lazy;default;100;dynamic;cores;;none;260951
cezanne;512;64;64;48;ssandPile;tiled;default;100;dynamic;cores;;none;270042
cezanne;512;64;64;48;ssandPile;lazy;default;100;dynamic;cores;;none;265844
cezanne;512;8;8;1;ssandPile;tiled;default;100;static;cores;;none;272383
cezanne;512;8;8;1;ssandPile;lazy;default;100;static;cores;;none;273469
cezanne;512;16;16;1;ssandPile;tiled;default;100;static;cores;;none;264037
cezanne;512;16;16;1;ssandPile;lazy;default;100;static;cores;;none;263443
cezanne;512;32;32;1;ssandPile;tiled;default;100;static;cores;;none;267384
cezanne;512;32;32;1;ssandPile;lazy;default;100;static;cores;;none;260584
cezanne;512;64;64;1;ssandPile;tiled;default;100;static;cores;;none;267691
cezanne;512;64;64;1;ssandPile;lazy;default;100;static;cores;;none;266246
cezanne;512;8;8;2;ssandPile;tiled;default;100;static;cores;;none;266064
cezanne;512;8;8;2;ssandPile;lazy;default;100;static;cores;;none;275268
cezanne;512;16;16;2;ssandPile;tiled;default;100;static;cores;;none;263024
cezanne;512;16;16;2;ssandPile;lazy;default;100;static;cores;;none;263838
cezanne;512;32;32;2;ssandPile;tiled;default;100;static;cores;;none;259821
cezanne;512;32;32;2;ssandPile;lazy;default;100;static;cores;;none;261963
cezanne;512;64;64;2;ssandPile;tiled;default;100;static;cores;;none;265584
cezanne;512;64;64;2;ssandPile;lazy;default;100;static;cores;;none;268625
cezanne;512;8;8;6;ssandPile;tiled;default;100;static;cores;;none;266571
cezanne;512;8;8;6;ssandPile;lazy;default;100;static;cores;;none;274375
cezanne;512;16;16;6;ssandPile;tiled;default;100;static;cores;;none;262391
cezanne;512;16;16;6;ssandPile;lazy;default;100;static;cores;;none;263679
cezanne;512;32;32;6;ssandPile;tiled;default;100;static;cores;;none;260282
cezanne;512;32;32;6;ssandPile;lazy;default;100;static;cores;;none;262520
cezanne;512;64;64;6;ssandPile;tiled;default;100;static;cores;;none;264632
cezanne;512;64;64;6;ssandPile;lazy;default;100;static;cores;;none;265502
cezanne;512;8;8;10;ssandPile;tiled;default;100;static;cores;;none;269456
cezanne;512;8;8;10;ssandPile;lazy;default;100;static;cores;;none;273486
cezanne;512;16;16;10;ssandPile;tiled;default;100;static;cores;;none;261775
cezanne;512;16;16;10;ssandPile;lazy;default;100;static;cores;;none;263110
cezanne;512;32;32;10;ssandPile;tiled;default;100;static;cores;;none;261369
cezanne;512;32;32;10;ssandPile;lazy;default;100;static;cores;;none;262437
cezanne;512;64;64;10;ssandPile;tiled;default;100;static;cores;;none;275589
cezanne;512;64;64;10;ssandPile;lazy;default;100;static;cores;;none;264582
cezanne;512;8;8;14;ssandPile;tiled;default;100;static;cores;;none;266561
cezanne;512;8;8;14;ssandPile;lazy;default;100;static;cores;;none;271986
cezanne;512;16;16;14;ssandPile;tiled;default;100;static;cores;;none;265231
cezanne;512;16;16;14;ssandPile;lazy;default;100;static;cores;;none;263602
cezanne;512;32;32;14;ssandPile;tiled;default;100;static;cores;;none;262430
cezanne;512;32;32;14;ssandPile;lazy;default;100;static;cores;;none;293099
cezanne;512;64;64;14;ssandPile;tiled;default;100;static;cores;;none;265453
cezanne;512;64;64;14;ssandPile;lazy;default;100;static;cores;;none;268194
cezanne;512;8;8;18;ssandPile;tiled;default;100;static;cores;;none;266593
cezanne;512;8;8;18;ssandPile;lazy;default;100;static;cores;;none;271763
cezanne;512;16;16;18;ssandPile;tiled;default;100;static;cores;;none;262747
cezanne;512;16;16;18;ssandPile;lazy;default;100;static;cores;;none;265690
cezanne;512;32;32;18;ssandPile;tiled;default;100;static;cores;;none;261339
cezanne;512;32;32;18;ssandPile;lazy;default;100;static;cores;;none;264353
cezanne;512;64;64;18;ssandPile;tiled;default;100;static;cores;;none;264187
cezanne;512;64;64;18;ssandPile;lazy;default;100;static;cores;;none;267910
cezanne;512;8;8;22;ssandPile;tiled;default;100;static;cores;;none;266363
cezanne;512;8;8;22;ssandPile;lazy;default;100;static;cores;;none;274970
cezanne;512;16;16;22;ssandPile;tiled;default;100;static;cores;;none;262487
cezanne;512;16;16;22;ssandPile;lazy;default;100;static;cores;;none;266506
cezanne;512;32;32;22;ssandPile;tiled;default;100;static;cores;;none;270283
cezanne;512;32;32;22;ssandPile;lazy;default;100;static;cores;;none;262691
cezanne;512;64;64;22;ssandPile;tiled;default;100;static;cores;;none;266512
cezanne;512;64;64;22;ssandPile;lazy;default;100;static;cores;;none;266446
cezanne;512;8;8;26;ssandPile;tiled;default;100;static;cores;;none;266547
cezanne;512;8;8;26;ssandPile;lazy;default;100;static;cores;;none;274683
cezanne;512;16;16;26;ssandPile;tiled;default;100;static;cores;;none;262175
cezanne;512;16;16;26;ssandPile;lazy;default;100;static;cores;;none;266757
cezanne;512;32;32;26;ssandPile;tiled;default;100;static;cores;;none;263209
cezanne;512;32;32;26;ssandPile;lazy;default;100;static;cores;;none;263240
cezanne;512;64;64;26;ssandPile;tiled;default;100;static;cores;;none;264828
cezanne;512;64;64;26;ssandPile;lazy;default;100;static;cores;;none;268577
cezanne;512;8;8;30;ssandPile;tiled;default;100;static;cores;;none;267891
cezanne;512;8;8;30;ssandPile;lazy;default;100;static;cores;;none;274259
cezanne;512;16;16;30;ssandPile;tiled;default;100;static;cores;;none;264625
cezanne;512;16;16;30;ssandPile;lazy;default;100;static;cores;;none;267276
cezanne;512;32;32;30;ssandPile;tiled;default;100;static;cores;;none;263560
cezanne;512;32;32;30;ssandPile;lazy;default;100;static;cores;;none;262137
cezanne;512;64;64;30;ssandPile;tiled;default;100;static;cores;;none;265529
cezanne;512;64;64;30;ssandPile;lazy;default;100;static;cores;;none;269035
cezanne;512;8;8;34;ssandPile;tiled;default;100;static;cores;;none;275707
cezanne;512;8;8;34;ssandPile;lazy;default;100;static;cores;;none;272381
cezanne;512;16;16;34;ssandPile;tiled;default;100;static;cores;;none;264011
cezanne;512;16;16;34;ssandPile;lazy;default;100;static;cores;;none;265158
cezanne;512;32;32;34;ssandPile;tiled;default;100;static;cores;;none;271355
cezanne;512;32;32;34;ssandPile;lazy;default;100;static;cores;;none;261527
cezanne;512;64;64;34;ssandPile;tiled;default;100;static;cores;;none;259481
cezanne;512;64;64;34;ssandPile;lazy;default;100;static;cores;;none;264649
cezanne;512;8;8;38;ssandPile;tiled;default;100;static;cores;;none;266822
cezanne;512;8;8;38;ssandPile;lazy;default;100;static;cores;;none;274466
cezanne;512;16;16;38;ssandPile;tiled;default;100;static;cores;;none;262242
cezanne;512;16;16;38;ssandPile;lazy;default;100;static;cores;;none;274830
cezanne;512;32;32;38;ssandPile;tiled;default;100;static;cores;;none;259857
cezanne;512;32;32;38;ssandPile;lazy;default;100;static;cores;;none;260573
cezanne;512;64;64;38;ssandPile;tiled;default;100;static;cores;;none;268375
cezanne;512;64;64;38;ssandPile;lazy;default;100;static;cores;;none;265818
cezanne;512;8;8;42;ssandPile;tiled;default;100;static;cores;;none;266585
cezanne;512;8;8;42;ssandPile;lazy;default;100;static;cores;;none;273410
cezanne;512;16;16;42;ssandPile;tiled;default;100;static;cores;;none;264830
cezanne;512;16;16;42;ssandPile;lazy;default;100;static;cores;;none;264247
cezanne;512;32;32;42;ssandPile;tiled;default;100;static;cores;;none;261460
cezanne;512;32;32;42;ssandPile;lazy;default;100;static;cores;;none;263948
cezanne;512;64;64;42;ssandPile;tiled;default;100;static;cores;;none;266957
cezanne;512;64;64;42;ssandPile;lazy;default;100;static;cores;;none;265619
cezanne;512;8;8;46;ssandPile;tiled;default;100;static;cores;;none;269374
cezanne;512;8;8;46;ssandPile;lazy;default;100;static;cores;;none;272120
cezanne;512;16;16;46;ssandPile;tiled;default;100;static;cores;;none;261769
cezanne;512;16;16;46;ssandPile;lazy;default;100;static;cores;;none;263583
cezanne;512;32;32;46;ssandPile;tiled;default;100;static;cores;;none;261728
cezanne;512;32;32;46;ssandPile;lazy;default;100;static;cores;;none;262445
cezanne;512;64;64;46;ssandPile;tiled;default;100;static;cores;;none;264931
cezanne;512;64;64;46;ssandPile;lazy;default;100;static;cores;;none;265112
cezanne;512;8;8;47;ssandPile;tiled;default;100;static;cores;;none;276581
cezanne;512;8;8;47;ssandPile;lazy;default;100;static;cores;;none;272713
cezanne;512;16;16;47;ssandPile;tiled;default;100;static;cores;;none;265117
cezanne;512;16;16;47;ssandPile;lazy;default;100;static;cores;;none;264619
cezanne;512;32;32;47;ssandPile;tiled;default;100;static;cores;;none;261620
cezanne;512;32;32;47;ssandPile;lazy;default;100;static;cores;;none;260905
cezanne;512;64;64;47;ssandPile;tiled;default;100;static;cores;;none;264902
cezanne;512;64;64;47;ssandPile;lazy;default;100;static;cores;;none;267519
cezanne;512;8;8;48;ssandPile;tiled;default;100;static;cores;;none;267366
cezanne;512;8;8;48;ssandPile;lazy;default;100;static;cores;;none;275707
cezanne;512;16;16;48;ssandPile;tiled;default;100;static;cores;;none;265091
cezanne;512;16;16;48;ssandPile;lazy;default;100;static;cores;;none;266317
cezanne;512;32;32;48;ssandPile;tiled;default;100;static;cores;;none;260014
cezanne;512;32;32;48;ssandPile;lazy;default;100;static;cores;;none;268853
cezanne;512;64;64;48;ssandPile;tiled;default;100;static;cores;;none;265797
cezanne;512;64;64;48;ssandPile;lazy;default;100;static;cores;;none;267317
cezanne;512;8;8;1;ssandPile;tiled;default;100;static,1;cores;;none;268726
cezanne;512;8;8;1;ssandPile;lazy;default;100;static,1;cores;;none;272245
cezanne;512;16;16;1;ssandPile;tiled;default;100;static,1;cores;;none;262822
cezanne;512;16;16;1;ssandPile;lazy;default;100;static,1;cores;;none;267932
cezanne;512;32;32;1;ssandPile;tiled;default;100;static,1;cores;;none;260418
cezanne;512;32;32;1;ssandPile;lazy;default;100;static,1;cores;;none;262807
cezanne;512;64;64;1;ssandPile;tiled;default;100;static,1;cores;;none;265534
cezanne;512;64;64;1;ssandPile;lazy;default;100;static,1;cores;;none;266916
cezanne;512;8;8;2;ssandPile;tiled;default;100;static,1;cores;;none;268191
cezanne;512;8;8;2;ssandPile;lazy;default;100;static,1;cores;;none;278338
cezanne;512;16;16;2;ssandPile;tiled;default;100;static,1;cores;;none;262852
cezanne;512;16;16;2;ssandPile;lazy;default;100;static,1;cores;;none;263780
cezanne;512;32;32;2;ssandPile;tiled;default;100;static,1;cores;;none;259847
cezanne;512;32;32;2;ssandPile;lazy;default;100;static,1;cores;;none;260305
cezanne;512;64;64;2;ssandPile;tiled;default;100;static,1;cores;;none;265950
cezanne;512;64;64;2;ssandPile;lazy;default;100;static,1;cores;;none;266131
cezanne;512;8;8;6;ssandPile;tiled;default;100;static,1;cores;;none;266379
cezanne;512;8;8;6;ssandPile;lazy;default;100;static,1;cores;;none;273994
cezanne;512;16;16;6;ssandPile;tiled;default;100;static,1;cores;;none;263145
cezanne;512;16;16;6;ssandPile;lazy;default;100;static,1;cores;;none;265966
cezanne;512;32;32;6;ssandPile;tiled;default;100;static,1;cores;;none;269522
cezanne;512;32;32;6;ssandPile;lazy;default;100;static,1;cores;;none;260331
cezanne;512;64;64;6;ssandPile;tiled;default;100;static,1;cores;;none;264561
cezanne;512;64;64;6;ssandPile;lazy;default;100;static,1;cores;;none;265764
cezanne;512;8;8;10;ssandPile;tiled;default;100;static,1;cores;;none;269684
cezanne;512;8;8;10;ssandPile;lazy;default;100;static,1;cores;;none;278800
cezanne;512;16;16;10;ssandPile;tiled;default;100;static,1;cores;;none;265233
cezanne;512;16;16;10;ssandPile;lazy;default;100;static,1;cores;;none;265176
cezanne;512;32;32;10;ssandPile;tiled;default;100;static,1;cores;;none;259515
cezanne;512;32;32;10;ssandPile;lazy;default;100;static,1;cores;;none;260740
cezanne;512;64;64;10;ssandPile;tiled;default;100;static,1;cores;;none;265860
cezanne;512;64;64;10;ssandPile;lazy;default;100;static,1;cores;;none;266066
cezanne;512;8;8;14;ssandPile;tiled;default;100;static,1;cores;;none;266492
cezanne;512;8;8;14;ssandPile;lazy;default;100;static,1;cores;;none;275099
cezanne;512;16;16;14;ssandPile;tiled;default;100;static,1;cores;;none;263998
cezanne;512;16;16;14;ssandPile;lazy;default;100;static,1;cores;;none;273356
cezanne;512;32;32;14;ssandPile;tiled;default;100;static,1;cores;;none;259931
cezanne;512;32;32;14;ssandPile;lazy;default;100;static,1;cores;;none;263250
cezanne;512;64;64;14;ssandPile;tiled;default;100;static,1;cores;;none;267843
cezanne;512;64;64;14;ssandPile;lazy;default;100;static,1;cores;;none;265342
cezanne;512;8;8;18;ssandPile;tiled;default;100;static,1;cores;;none;284097
cezanne;512;8;8;18;ssandPile;lazy;default;100;static,1;cores;;none;273991
cezanne;512;16;16;18;ssandPile;tiled;default;100;static,1;cores;;none;262739
cezanne;512;16;16;18;ssandPile;lazy;default;100;static,1;cores;;none;263238
cezanne;512;32;32;18;ssandPile;tiled;default;100;static,1;cores;;none;259965
cezanne;512;32;32;18;ssandPile;lazy;default;100;static,1;cores;;none;260635
cezanne;512;64;64;18;ssandPile;tiled;default;100;static,1;cores;;none;267549
cezanne;512;64;64;18;ssandPile;lazy;default;100;static,1;cores;;none;273699
cezanne;512;8;8;22;ssandPile;tiled;default;100;static,1;cores;;none;268106
cezanne;512;8;8;22;ssandPile;lazy;default;100;static,1;cores;;none;272623
cezanne;512;16;16;22;ssandPile;tiled;default;100;static,1;cores;;none;263481
cezanne;512;16;16;22;ssandPile;lazy;default;100;static,1;cores;;none;264885
cezanne;512;32;32;22;ssandPile;tiled;default;100;static,1;cores;;none;265772
cezanne;512;32;32;22;ssandPile;lazy;default;100;static,1;cores;;none;259898
cezanne;512;64;64;22;ssandPile;tiled;default;100;static,1;cores;;none;265689
cezanne;512;64;64;22;ssandPile;lazy;default;100;static,1;cores;;none;268648
cezanne;512;8;8;26;ssandPile;tiled;default;100;static,1;cores;;none;266814
cezanne;512;8;8;26;ssandPile;lazy;default;100;static,1;cores;;none;272075
cezanne;512;16;16;26;ssandPile;tiled;default;100;static,1;cores;;none;261706
cezanne;512;16;16;26;ssandPile;lazy;default;100;static,1;cores;;none;262824
cezanne;512;32;32;26;ssandPile;tiled;default;100;static,1;cores;;none;260754
cezanne;512;32;32;26;ssandPile;lazy;default;100;static,1;cores;;none;261298
cezanne;512;64;64;26;ssandPile;tiled;default;100;static,1;cores;;none;266704
cezanne;512;64;64;26;ssandPile;lazy;default;100;static,1;cores;;none;265801
cezanne;512;8;8;30;ssandPile;tiled;default;100;static,1;cores;;none;267057
cezanne;512;8;8;30;ssandPile;lazy;default;100;static,1;cores;;none;274488
cezanne;512;16;16;30;ssandPile;tiled;default;100;static,1;cores;;none;261879
cezanne;512;16;16;30;ssandPile;lazy;default;100;static,1;cores;;none;262943
cezanne;512;32;32;30;ssandPile;tiled;default;100;static,1;cores;;none;259939
cezanne;512;32;32;30;ssandPile;lazy;default;100;static,1;cores;;none;260138
cezanne;512;64;64;30;ssandPile;tiled;default;100;static,1;cores;;none;265426
cezanne;512;64;64;30;ssandPile;lazy;default;100;static,1;cores;;none;268072
cezanne;512;8;8;34;ssandPile;tiled;default;100;static,1;cores;;none;267273
cezanne;512;8;8;34;ssandPile;lazy;default;100;static,1;cores;;none;272226
cezanne;512;16;16;34;ssandPile;tiled;default;100;static,1;cores;;none;263789
cezanne;512;16;16;34;ssandPile;lazy;default;100;static,1;cores;;none;263463
cezanne;512;32;32;34;ssandPile;tiled;default;100;static,1;cores;;none;263130
cezanne;512;32;32;34;ssandPile;lazy;default;100;static,1;cores;;none;260429
cezanne;512;64;64;34;ssandPile;tiled;default;100;static,1;cores;;none;265039
cezanne;512;64;64;34;ssandPile;lazy;default;100;static,1;cores;;none;268272
cezanne;512;8;8;38;ssandPile;tiled;default;100;static,1;cores;;none;269359
cezanne;512;8;8;38;ssandPile;lazy;default;100;static,1;cores;;none;272413
cezanne;512;16;16;38;ssandPile;tiled;default;100;static,1;cores;;none;262996
cezanne;512;16;16;38;ssandPile;lazy;default;100;static,1;cores;;none;280164
cezanne;512;32;32;38;ssandPile;tiled;default;100;static,1;cores;;none;270106
cezanne;512;32;32;38;ssandPile;lazy;default;100;static,1;cores;;none;259912
cezanne;512;64;64;38;ssandPile;tiled;default;100;static,1;cores;;none;267600
cezanne;512;64;64;38;ssandPile;lazy;default;100;static,1;cores;;none;265561
cezanne;512;8;8;42;ssandPile;tiled;default;100;static,1;cores;;none;266893
cezanne;512;8;8;42;ssandPile;lazy;default;100;static,1;cores;;none;273547
cezanne;512;16;16;42;ssandPile;tiled;default;100;static,1;cores;;none;264795
cezanne;512;16;16;42;ssandPile;lazy;default;100;static,1;cores;;none;263843
cezanne;512;32;32;42;ssandPile;tiled;default;100;static,1;cores;;none;262039
cezanne;512;32;32;42;ssandPile;lazy;default;100;static,1;cores;;none;261476
cezanne;512;64;64;42;ssandPile;tiled;default;100;static,1;cores;;none;265389
cezanne;512;64;64;42;ssandPile;lazy;default;100;static,1;cores;;none;265743
cezanne;512;8;8;46;ssandPile;tiled;default;100;static,1;cores;;none;266616
cezanne;512;8;8;46;ssandPile;lazy;default;100;static,1;cores;;none;275006
cezanne;512;16;16;46;ssandPile;tiled;default;100;static,1;cores;;none;265167
cezanne;512;16;16;46;ssandPile;lazy;default;100;static,1;cores;;none;264819
cezanne;512;32;32;46;ssandPile;tiled;default;100;static,1;cores;;none;259833
cezanne;512;32;32;46;ssandPile;lazy;default;100;static,1;cores;;none;260661
cezanne;512;64;64;46;ssandPile;tiled;default;100;static,1;cores;;none;268001
cezanne;512;64;64;46;ssandPile;lazy;default;100;static,1;cores;;none;267883
cezanne;512;8;8;47;ssandPile;tiled;default;100;static,1;cores;;none;266918
cezanne;512;8;8;47;ssandPile;lazy;default;100;static,1;cores;;none;273576
cezanne;512;16;16;47;ssandPile;tiled;default;100;static,1;cores;;none;262028
cezanne;512;16;16;47;ssandPile;lazy;default;100;static,1;cores;;none;265024
cezanne;512;32;32;47;ssandPile;tiled;default;100;static,1;cores;;none;261013
cezanne;512;32;32;47;ssandPile;lazy;default;100;static,1;cores;;none;263477
cezanne;512;64;64;47;ssandPile;tiled;default;100;static,1;cores;;none;267967
cezanne;512;64;64;47;ssandPile;lazy;default;100;static,1;cores;;none;272654
cezanne;512;8;8;48;ssandPile;tiled;default;100;static,1;cores;;none;266941
cezanne;512;8;8;48;ssandPile;lazy;default;100;static,1;cores;;none;272421
cezanne;512;16;16;48;ssandPile;tiled;default;100;static,1;cores;;none;262082
cezanne;512;16;16;48;ssandPile;lazy;default;100;static,1;cores;;none;266572
cezanne;512;32;32;48;ssandPile;tiled;default;100;static,1;cores;;none;260087
cezanne;512;32;32;48;ssandPile;lazy;default;100;static,1;cores;;none;260514
cezanne;512;64;64;48;ssandPile;tiled;default;100;static,1;cores;;none;266589
cezanne;512;64;64;48;ssandPile;lazy;default;100;static,1;cores;;none;276410
cezanne;512;8;8;1;ssandPile;tiled;default;100;dynamic;cores;;none;266526
cezanne;512;8;8;1;ssandPile;lazy;default;100;dynamic;cores;;none;274559
cezanne;512;16;16;1;ssandPile;tiled;default;100;dynamic;cores;;none;262753
cezanne;512;16;16;1;ssandPile;lazy;default;100;dynamic;cores;;none;272601
cezanne;512;32;32;1;ssandPile;tiled;default;100;dynamic;cores;;none;259349
cezanne;512;32;32;1;ssandPile;lazy;default;100;dynamic;cores;;none;261295
cezanne;512;64;64;1;ssandPile;tiled;default;100;dynamic;cores;;none;267040
cezanne;512;64;64;1;ssandPile;lazy;default;100;dynamic;cores;;none;264975
cezanne;512;8;8;2;ssandPile;tiled;default;100;dynamic;cores;;none;268481
cezanne;512;8;8;2;ssandPile;lazy;default;100;dynamic;cores;;none;272027
cezanne;512;16;16;2;ssandPile;tiled;default;100;dynamic;cores;;none;262177
cezanne;512;16;16;2;ssandPile;lazy;default;100;dynamic;cores;;none;263686
cezanne;512;32;32;2;ssandPile;tiled;default;100;dynamic;cores;;none;272235
cezanne;512;32;32;2;ssandPile;lazy;default;100;dynamic;cores;;none;260602
cezanne;512;64;64;2;ssandPile;tiled;default;100;dynamic;cores;;none;263936
cezanne;512;64;64;2;ssandPile;lazy;default;100;dynamic;cores;;none;267582
cezanne;512;8;8;6;ssandPile;tiled;default;100;dynamic;cores;;none;266742
cezanne;512;8;8;6;ssandPile;lazy;default;100;dynamic;cores;;none;273353
cezanne;512;16;16;6;ssandPile;tiled;default;100;dynamic;cores;;none;264787
cezanne;512;16;16;6;ssandPile;lazy;default;100;dynamic;cores;;none;263169
cezanne;512;32;32;6;ssandPile;tiled;default;100;dynamic;cores;;none;260018
cezanne;512;32;32;6;ssandPile;lazy;default;100;dynamic;cores;;none;261121
cezanne;512;64;64;6;ssandPile;tiled;default;100;dynamic;cores;;none;277048
cezanne;512;64;64;6;ssandPile;lazy;default;100;dynamic;cores;;none;268820
cezanne;512;8;8;10;ssandPile;tiled;default;100;dynamic;cores;;none;268014
cezanne;512;8;8;10;ssandPile;lazy;default;100;dynamic;cores;;none;275112
cezanne;512;16;16;10;ssandPile;tiled;default;100;dynamic;cores;;none;264763
cezanne;512;16;16;10;ssandPile;lazy;default;100;dynamic;cores;;none;263760
cezanne;512;32;32;10;ssandPile;tiled;default;100;dynamic;cores;;none;259827
cezanne;512;32;32;10;ssandPile;lazy;default;100;dynamic;cores;;none;269372
cezanne;512;64;64;10;ssandPile;tiled;default;100;dynamic;cores;;none;264616
cezanne;512;64;64;10;ssandPile;lazy;default;100;dynamic;cores;;none;267438
cezanne;512;8;8;14;ssandPile;tiled;default;100;dynamic;cores;;none;267000
cezanne;512;8;8;14;ssandPile;lazy;default;100;dynamic;cores;;none;275126
cezanne;512;16;16;14;ssandPile;tiled;default;100;dynamic;cores;;none;262037
cezanne;512;16;16;14;ssandPile;lazy;default;100;dynamic;cores;;none;266650
cezanne;512;32;32;14;ssandPile;tiled;default;100;dynamic;cores;;none;260267
cezanne;512;32;32;14;ssandPile;lazy;default;100;dynamic;cores;;none;260654
cezanne;512;64;64;14;ssandPile;tiled;default;100;dynamic;cores;;none;266776
cezanne;512;64;64;14;ssandPile;lazy;default;100;dynamic;cores;;none;274284
cezanne;512;8;8;18;ssandPile;tiled;default;100;dynamic;cores;;none;266533
cezanne;512;8;8;18;ssandPile;lazy;default;100;dynamic;cores;;none;274839
cezanne;512;16;16;18;ssandPile;tiled;default;100;dynamic;cores;;none;262551
cezanne;512;16;16;18;ssandPile;lazy;default;100;dynamic;cores;;none;266486
cezanne;512;32;32;18;ssandPile;tiled;default;100;dynamic;cores;;none;262189
cezanne;512;32;32;18;ssandPile;lazy;default;100;dynamic;cores;;none;261582
cezanne;512;64;64;18;ssandPile;tiled;default;100;dynamic;cores;;none;268289
cezanne;512;64;64;18;ssandPile;lazy;default;100;dynamic;cores;;none;275308
cezanne;512;8;8;22;ssandPile;tiled;default;100;dynamic;cores;;none;269345
cezanne;512;8;8;22;ssandPile;lazy;default;100;dynamic;cores;;none;272362
cezanne;512;16;16;22;ssandPile;tiled;default;100;dynamic;cores;;none;272193
cezanne;512;16;16;22;ssandPile;lazy;default;100;dynamic;cores;;none;263165
cezanne;512;32;32;22;ssandPile;tiled;default;100;dynamic;cores;;none;260351
cezanne;512;32;32;22;ssandPile;lazy;default;100;dynamic;cores;;none;260274
cezanne;512;64;64;22;ssandPile;tiled;default;100;dynamic;cores;;none;266077
cezanne;512;64;64;22;ssandPile;lazy;default;100;dynamic;cores;;none;267694
cezanne;512;8;8;26;ssandPile;tiled;default;100;dynamic;cores;;none;267278
cezanne;512;8;8;26;ssandPile;lazy;default;100;dynamic;cores;;none;272318
cezanne;512;16;16;26;ssandPile;tiled;default;100;dynamic;cores;;none;261819
cezanne;512;16;16;26;ssandPile;lazy;default;100;dynamic;cores;;none;264320
cezanne;512;32;32;26;ssandPile;tiled;default;100;dynamic;cores;;none;261043
cezanne;512;32;32;26;ssandPile;lazy;default;100;dynamic;cores;;none;261999
cezanne;512;64;64;26;ssandPile;tiled;default;100;dynamic;cores;;none;265258
cezanne;512;64;64;26;ssandPile;lazy;default;100;dynamic;cores;;none;265581
cezanne;512;8;8;30;ssandPile;tiled;default;100;dynamic;cores;;none;269895
cezanne;512;8;8;30;ssandPile;lazy;default;100;dynamic;cores;;none;275302
cezanne;512;16;16;30;ssandPile;tiled;default;100;dynamic;cores;;none;263023
cezanne;512;16;16;30;ssandPile;lazy;default;100;dynamic;cores;;none;266132
cezanne;512;32;32;30;ssandPile;tiled;default;100;dynamic;cores;;none;260109
cezanne;512;32;32;30;ssandPile;lazy;default;100;dynamic;cores;;none;262243
cezanne;512;64;64;30;ssandPile;tiled;default;100;dynamic;cores;;none;265743
cezanne;512;64;64;30;ssandPile;lazy;default;100;dynamic;cores;;none;264562
cezanne;512;8;8;34;ssandPile;tiled;default;100;dynamic;cores;;none;269080
cezanne;512;8;8;34;ssandPile;lazy;default;100;dynamic;cores;;none;272481
cezanne;512;16;16;34;ssandPile;tiled;default;100;dynamic;cores;;none;261677
cezanne;512;16;16;34;ssandPile;lazy;default;100;dynamic;cores;;none;263530
cezanne;512;32;32;34;ssandPile;tiled;default;100;dynamic;cores;;none;259693
cezanne;512;32;32;34;ssandPile;lazy;default;100;dynamic;cores;;none;260662
cezanne;512;64;64;34;ssandPile;tiled;default;100;dynamic;cores;;none;265280
cezanne;512;64;64;34;ssandPile;lazy;default;100;dynamic;cores;;none;269405
cezanne;512;8;8;38;ssandPile;tiled;default;100;dynamic;cores;;none;266189
cezanne;512;8;8;38;ssandPile;lazy;default;100;dynamic;cores;;none;271567
cezanne;512;16;16;38;ssandPile;tiled;default;100;dynamic;cores;;none;264638
cezanne;512;16;16;38;ssandPile;lazy;default;100;dynamic;cores;;none;266173
cezanne;512;32;32;38;ssandPile;tiled;default;100;dynamic;cores;;none;260090
cezanne;512;32;32;38;ssandPile;lazy;default;100;dynamic;cores;;none;262110
cezanne;512;64;64;38;ssandPile;tiled;default;100;dynamic;cores;;none;265139
cezanne;512;64;64;38;ssandPile;lazy;default;100;dynamic;cores;;none;268478
cezanne;512;8;8;42;ssandPile;tiled;default;100;dynamic;cores;;none;269258
cezanne;512;8;8;42;ssandPile;lazy;default;100;dynamic;cores;;none;271794
cezanne;512;16;16;42;ssandPile;tiled;default;100;dynamic;cores;;none;263879
cezanne;512;16;16;42;ssandPile;lazy;default;100;dynamic;cores;;none;263525
cezanne;512;32;32;42;ssandPile;tiled;default;100;dynamic;cores;;none;261398
cezanne;512;32;32;42;ssandPile;lazy;default;100;dynamic;cores;;none;260639
cezanne;512;64;64;42;ssandPile;tiled;default;100;dynamic;cores;;none;266052
cezanne;512;64;64;42;ssandPile;lazy;default;100;dynamic;cores;;none;265014
cezanne;512;8;8;46;ssandPile;tiled;default;100;dynamic;cores;;none;269462
cezanne;512;8;8;46;ssandPile;lazy;default;100;dynamic;cores;;none;279555
cezanne;512;16;16;46;ssandPile;tiled;default;100;dynamic;cores;;none;264828
cezanne;512;16;16;46;ssandPile;lazy;default;100;dynamic;cores;;none;263630
cezanne;512;32;32;46;ssandPile;tiled;default;100;dynamic;cores;;none;260861
cezanne;512;32;32;46;ssandPile;lazy;default;100;dynamic;cores;;none;261561
cezanne;512;64;64;46;ssandPile;tiled;default;100;dynamic;cores;;none;264562
cezanne;512;64;64;46;ssandPile;lazy;default;100;dynamic;cores;;none;265789
cezanne;512;8;8;47;ssandPile;tiled;default;100;dynamic;cores;;none;277937
cezanne;512;8;8;47;ssandPile;lazy;default;100;dynamic;cores;;none;271913
cezanne;512;16;16;47;ssandPile;tiled;default;100;dynamic;cores;;none;264894
cezanne;512;16;16;47;ssandPile;lazy;default;100;dynamic;cores;;none;264198
cezanne;512;32;32;47;ssandPile;tiled;default;100;dynamic;cores;;none;262146
cezanne;512;32;32;47;ssandPile;lazy;default;100;dynamic;cores;;none;260508
cezanne;512;64;64;47;ssandPile;tiled;default;100;dynamic;cores;;none;268835
cezanne;512;64;64;47;ssandPile;lazy;default;100;dynamic;cores;;none;273428
cezanne;512;8;8;48;ssandPile;tiled;default;100;dynamic;cores;;none;273470
cezanne;512;8;8;48;ssandPile;lazy;default;100;dynamic;cores;;none;272052
cezanne;512;16;16;48;ssandPile;tiled;default;100;dynamic;cores;;none;263035
cezanne;512;16;16;48;ssandPile;lazy;default;100;dynamic;cores;;none;263726
cezanne;512;32;32;48;ssandPile;tiled;default;100;dynamic;cores;;none;261693
cezanne;512;32;32;48;ssandPile;lazy;default;100;dynamic;cores;;none;271252
cezanne;512;64;64;48;ssandPile;tiled;default;100;dynamic;cores;;none;264406
cezanne;512;64;64;48;ssandPile;lazy;default;100;dynamic;cores;;none;268825
